,site,season,lat,long,year,reach,reach_alt,date.x,no_of_gaps,gap_area,gap_fraction,D50,depth_cm_mean,depth_cm_var,day_night,light_tech,lux,Turbidity (NTU),Total P (mg P/L),Total N (mg N/L),PO4-P (mg PO4-P/L),NO3-N (mg NO3-N/L),NH4-N (mg NH3-N/L),ODO (% Sat),ODO (mg/L),Cond (µS/cm),Sp Cond (µS/cm),Sal (psu),nLFCond (µS/cm),TDS (mg/L),Temp (°F),Resistivity (ohms-cm),Sigma-T (s t),Sigma (s),pH,pH (mV),Turbidity (FNU),TSS (mg/L),Temp_C,Turbidity_comb,bankfull_width_m,Bluegill Sunfish,Bluegill x Green Sunfish,Bluntnose Minnow,Central Stoneroller,Creek Chub,Fantail Darter,Fathead Minnow,Golden Shiner,Goldfish,Green Sunfish,Greenside Darter,Johnny Darter,Largemouth Bass,Least Brook Lamprey,Mimic Shiner,Mottled Sculpin,Northern Hogsucker,Orangethroat Darter,Pumpkinseed Sunfish,Rainbow Darter,Rock Bass,Rosyface Shiner,Sand Shiner,Silver Shiner,Smallmouth Bass,Southern Redbelly Dace,Spotfin Shiner,Striped Shiner,Western Blacknose Dace,Western Mosquitofish,White Sucker,Yellow Bullhead,abun,S,J,H,hill,simp,r.2,date.y,mean_weight_g,total_biomass_g,count,watershed,tp,p,tn,D50_us,depth,depth_var,gap_fraction_us
1,Adena,Summer,40.0457032,-83.0187712,2019,Lit,Downstream,8/14/2019,3336.333333,212817,-1.02787406,0.135927821,15.25,80.625,Night,LED,0.102704167,2.88,0.1295,0.6242,0.059566667,0.342,0.02529,69.18695038,5.861365967,466,NA,NA,NA,NA,NA,NA,NA,NA,8.04,NA,NA,NA,NA,2.88,9.213333333,0,0,0,2,84,0,0,0,0,0,0,0,0,0,0,0,0,0,0,0,0,0,0,0,0,0,0,0,4,0,0,0,90,3,0.261570262,0.287364305,1.33290971,0.126419753,1.316193571,9/24/2019,11.23333333,1011,90,Olentangy,-0.710733043,0.699407183,-0.805660118,40.66666667,-0.199425695,-0.203188342,11.08433333
2,Adena,Summer,40.0458783,-83.0184329,2019,Unlit,Upstream,8/14/2019,2208.666667,219462.6667,-1.018429682,-0.107857905,14.45,92.35833333,Night,LED,0.009375,3.53,0.105,0.687533333,0.062866667,0.311333333,0.0681,78.27283036,6.628487879,485.5555556,NA,NA,NA,NA,NA,NA,NA,NA,8.004444444,NA,NA,NA,NA,3.53,8.833333333,0,0,0,11,97,0,0,0,0,0,0,0,0,0,0,0,0,0,0,0,0,0,0,0,0,0,0,0,26,0,0,0,134,3,0.689310651,0.757285151,2.132478997,0.431610604,2.01762136,9/24/2019,3.589552239,481,134,Olentangy,-0.840847292,0.788872815,-0.774786253,34.2,-0.304044835,-0.109708799,11.43033333
3,Adena,Summer,40.0457032,-83.0187712,2020,Lit,Downstream,7/31/2020,2533,173520.3333,-1.083739645,0.135927821,12.66666667,178.25,Night,LED,0.048275,1.52,0.388,1.19,0.012,0.331666667,0.130333333,NA,5.683333333,777.3333333,NA,NA,NA,262.3333333,71.96,NA,NA,NA,7.81,NA,NA,NA,22.2,1.52,9.213333333,0,0,0,2,66,0,0,0,0,1,0,0,0,0,0,0,0,0,0,0,0,0,0,0,0,0,0,0,13,0,0,0,82,4,0.440753269,0.611013772,1.842298122,0.326293873,1.767867216,8/10/2020,12.99268293,1065.4,82,Olentangy,0.662105055,-0.590163094,-0.529842755,40.66666667,-0.537258334,0.574590661,9.037666667
4,Adena,Summer,40.0458783,-83.0184329,2020,Unlit,Upstream,7/31/2020,1661,254718.6667,-0.968305332,-0.107857905,13.77777778,189.1944444,Night,LED,0.046866667,1.227333333,0.394333333,1.906666667,0.032,0.409,0.148666667,NA,5.383333333,692,NA,NA,NA,272.3333333,72.38,NA,NA,NA,7.856666667,NA,NA,NA,22.43333333,1.227333333,8.833333333,0,0,0,8,84,0,0,0,0,0,0,0,0,0,0,0,0,0,0,0,0,0,0,0,0,0,0,0,8,0,0,0,100,3,0.501153532,0.550573428,1.734247199,0.2816,1.693560048,8/10/2020,9.122,912.2,100,Olentangy,0.695740031,-0.04794714,-0.180480594,34.2,-0.391953973,0.66178512,13.26666667
5,Adena,Winter,40.0457032,-83.0187712,2020,Lit,Downstream,1/29/2020,523,1636507,0.996125188,0.135927821,8.75,99.975,Night,LED,1.0790125,5.956666667,0.141666667,2,0.008333333,1.023333333,0.026,NA,NA,834,NA,NA,NA,358.3333333,39.32,NA,NA,NA,8.643333333,NA,NA,NA,4.066666667,5.956666667,9.213333333,0,0,0,2,17,0,0,0,0,0,0,0,0,0,0,0,0,0,0,0,0,0,0,0,0,0,0,0,0,0,0,0,19,2,0.485460761,0.336495758,1.40003293,0.188365651,1.467836257,2/26/2020,6.325263158,120.18,19,Olentangy,-0.646118484,-0.689569352,-0.134982266,40.66666667,-1.049456207,-0.049026767,85.23466667
6,Adena,Winter,40.0458783,-83.0184329,2020,Unlit,Upstream,1/29/2020,473.6666667,1621418.333,0.974679718,-0.107857905,16.66666667,210.7666667,Night,LED,0,7.783333333,0.091333333,2.31,0.011,0.979,0.017666667,NA,NA,933.6666667,NA,NA,NA,370.6666667,39.02,NA,NA,NA,8.596666667,NA,NA,NA,3.9,7.783333333,8.833333333,0,0,0,5,48,0,0,0,0,0,0,0,0,0,0,0,0,0,0,0,0,0,0,0,0,0,0,0,12,0,0,0,65,3,0.667295742,0.733099302,2.081521887,0.414674556,1.990617669,2/26/2020,6.087692308,395.7,65,Olentangy,-0.91342803,-0.617273892,0.01613718,34.2,-0.014162634,0.833651153,84.449
7,Adena,Winter,40.0457032,-83.0187712,2021,Lit,Downstream,1/18/2021,386.3333333,1657560,1.026059679,0.135927821,8.75,99.975,Night,LED,1.076927778,NA,0.526333333,1.452333333,0.005,0.627,0.01,104.9333333,14.19,685.2,1194.1,0.59,1206.733333,776.3333333,36.83333333,1459.4,0.4,0.4,8.846666667,-96.16666667,1.22,0,2.685185185,1.22,9.213333333,0,0,0,2,23,0,0,0,0,0,0,0,0,0,0,0,0,0,0,0,0,0,0,0,0,0,0,0,1,0,0,0,26,3,0.392377827,0.431071102,1.538904966,0.210059172,1.546153846,2/4/2021,8.16,244.8,30,Olentangy,1.396763741,-0.779938678,-0.401959954,40.66666667,-1.049456207,-0.049026767,86.33133333
8,Adena,Winter,40.0458783,-83.0184329,2021,Unlit,Upstream,1/18/2021,578,1642644.667,1.004850774,-0.107857905,16.66666667,210.7666667,Night,LED,0.546666667,NA,0.583,1.539,0.005,0.586333333,0.0261,107.4666667,14.48,692.8,1201.7,0.593333333,1214.766667,781,37.1,1443.433333,0.433333333,0.433333333,8.883333333,-98.16666667,1.623333333,0,2.833333333,1.623333333,8.833333333,0,0,0,2,52,0,0,0,0,0,0,0,0,0,0,0,0,0,0,0,0,0,0,0,0,0,0,0,11,0,0,0,65,3,0.533643246,0.586267028,1.797266731,0.330414201,1.766006997,2/4/2021,8.992307692,584.5,65,Olentangy,1.697708262,-0.779938678,-0.359711507,34.2,-0.014162634,0.833651153,85.55433333
9,Bill Moose,Summer,40.0669607,-83.0154483,2019,Lit,Downstream,8/6/2019,1844.333333,325392.3333,-0.867829166,-0.065132572,15.7,55.84444444,Night,LED,1.385008333,4.786666667,0.068,0.7522,0.0375,0.402333333,0.079766667,93.20400006,8.015777778,696.5555556,NA,NA,NA,NA,NA,NA,NA,NA,7.912222222,NA,NA,NA,NA,4.786666667,8.45,0,0,0,0,74,0,0,0,0,11,0,0,0,0,0,0,0,0,0,0,0,0,0,0,0,0,0,0,31,0,0,0,116,3,0.785357496,0.862803396,2.369794864,0.512633769,2.188146102,9/24/2019,5.563793103,645.4,116,Olentangy,-1.037346362,0.101162247,-0.743262412,35.33333333,-0.140577429,-0.400615187,16.94766667
10,Bill Moose,Summer,40.0670877,-83.0150580,2019,Unlit,Upstream,8/6/2019,2191,188373,-1.062630825,0.173626645,23.05,213.9694444,Night,LED,0.015033333,0.883333333,0.062,0.873866667,0.037533333,0.440333333,0.024106667,87.03043172,7.579466667,718.2222222,NA,NA,NA,NA,NA,NA,NA,NA,8.051111111,NA,NA,NA,NA,0.883333333,7.366666667,0,0,0,0,55,0,0,0,0,2,0,0,0,0,0,0,0,0,0,0,0,0,0,0,0,0,0,0,20,0,0,0,77,3,0.623794655,0.685308474,1.984383871,0.421656266,1.913198145,9/24/2019,4.431578947,336.8,77,Olentangy,-1.069211076,0.10206594,-0.683952091,41.66666667,0.82061092,0.859167705,9.811
11,Bill Moose,Summer,40.0669607,-83.0154483,2020,Lit,Downstream,7/16/2020,2464.666667,392586.3333,-0.772302654,-0.065132572,10.44444444,96.27777778,Night,LED,1.736755556,1.307,0.379666667,1.346666667,0.029333333,0.272,0.123666667,NA,6.06,893.3333333,NA,NA,NA,421.6666667,74.66,NA,NA,NA,7.706666667,NA,NA,NA,23.7,1.307,8.45,0,0,0,5,246,0,0,0,0,7,0,0,0,0,0,0,0,0,0,0,0,0,0,0,0,0,0,0,89,0,0,0,347,4,0.528531418,0.732700125,2.080691155,0.431014293,1.940914908,8/21/2020,2.725648415,945.8,347,Olentangy,0.617848508,-0.120242601,-0.453470561,35.33333333,-0.827867056,-0.07848256,20.44733333
12,Bill Moose,Summer,40.0670877,-83.0150580,2020,Unlit,Upstream,7/16/2020,1563.666667,197979,-1.048973782,0.173626645,16.77777778,97.94444444,Night,LED,0.007415814,1.117333333,0.380666667,1.4,0.029666667,0.371,0.143666667,NA,6.216666667,966.6666667,NA,NA,NA,435.3333333,75.38,NA,NA,NA,7.82,NA,NA,NA,24.1,1.117333333,7.366666667,0,0,0,8,139,0,0,0,0,2,0,0,0,0,0,0,0,0,0,0,0,0,0,0,0,0,0,0,62,0,0,0,211,4,0.579286608,0.803061758,2.232365438,0.478156376,2.047915551,8/21/2020,1.864454976,393.4,211,Olentangy,0.623159293,-0.111205668,-0.427471517,41.66666667,0.000367802,-0.065204216,10.31133333
13,Bill Moose,Winter,40.0669607,-83.0154483,2020,Lit,Downstream,1/27/2020,111.5,1805466,1.23632446,-0.065132572,11.75,28.775,Night,LED,1.327933333,5.873333333,0.094333333,1.84,0.007,0.700333333,0.042,NA,NA,766.6666667,NA,NA,NA,335,40.34,NA,NA,NA,8.313333333,NA,NA,NA,4.633333333,5.873333333,8.45,0,0,0,0,77,0,0,0,0,2,0,0,0,0,0,0,0,0,0,0,0,0,0,0,0,0,0,0,14,0,0,0,93,3,0.476903091,0.523931596,1.688653719,0.291363163,1.671452059,2/24/2020,5.204301075,484,93,Olentangy,-0.897495673,-0.725717082,-0.2129794,35.33333333,-0.657134432,-0.616277625,94.0345
14,Bill Moose,Winter,40.0670877,-83.0150580,2020,Unlit,Upstream,1/27/2020,1080.666667,1603217,0.948803216,0.173626645,13.58333333,46.04166667,Night,LED,0,4.333333333,0.198333333,1.513333333,0.011666667,0.728666667,0.056,NA,NA,770,NA,NA,NA,338.3333333,39.98,NA,NA,NA,7.893333333,NA,NA,NA,4.433333333,4.333333333,7.366666667,0,0,0,0,22,0,0,0,0,1,0,0,0,0,0,0,0,0,0,0,0,0,0,0,0,0,0,0,0,0,0,0,23,2,0.258018669,0.178844913,1.195835271,0.083175803,1.217391304,2/24/2020,4,92,23,Olentangy,-0.345173962,-0.599200026,-0.372223547,41.66666667,-0.417382236,-0.478713981,83.501
15,Bill Moose,Winter,40.0669607,-83.0154483,2021,Lit,Downstream,1/18/2021,310.3333333,1723749.333,1.120157706,-0.065132572,11.75,28.775,Night,LED,2.606833333,NA,0.659666667,2.262333333,0.005,0.433666667,0.040666667,95.33333333,12.93666667,624.2666667,1092.2,0.54,1103.433333,710,36.6,1601.966667,0.4,0.4,8.313333333,-67.6,4.32,0,2.555555556,4.32,8.45,0,0,0,1,15,0,0,0,0,0,0,0,0,0,0,0,0,0,0,0,0,0,0,0,0,0,0,0,4,0,0,0,20,3,0.625730986,0.687435751,1.988609698,0.395,1.968201754,2/4/2021,2.535,50.7,20,Olentangy,2.104868498,-0.779938678,-0.007099466,35.33333333,-0.657134432,-0.616277625,89.77866667
16,Bill Moose,Winter,40.0670877,-83.0150580,2021,Unlit,Upstream,1/22/2021,2040.666667,1332031.667,0.563257886,0.173626645,13.58333333,46.04166667,Night,LED,0.38665,NA,0.429666667,2.279,0.005,0.446666667,0.093266667,96.5,13.09,624.4333333,1091.9,0.54,1103.166667,709.6666667,36.66666667,1601.533333,0.4,0.4,8.386666667,-71.46666667,2.143333333,0,2.592592593,2.143333333,7.366666667,0,0,0,1,4,0,0,0,0,1,0,0,0,0,0,0,0,0,0,0,0,0,0,0,0,0,0,0,9,0,0,0,15,4,0.735801131,1.020036958,2.773297259,0.56,2.510822511,2/4/2021,2.726666667,40.9,15,Olentangy,0.883387792,-0.779938678,0.001025236,41.66666667,-0.417382236,-0.478713981,69.37633333
17,Cosgray,Summer,40.0919867,-83.1300487,2019,Lit,Downstream,8/12/2019,3493.666667,270758,-0.945504166,-0.894506692,17.95,29.08055556,Night,HPS,1.234995833,1.173333333,0.1625,0.5132,0.0558,0.171666667,0.071533333,81.37819687,7.143685714,1405.75,NA,NA,NA,NA,NA,NA,NA,NA,8.11,NA,NA,NA,NA,1.173333333,3.2,1,0,0,0,0,0,0,0,0,4,0,0,0,0,0,0,0,0,0,0,0,0,0,0,0,0,0,0,0,0,0,0,5,2,0.721928095,0.500402424,1.649384888,0.32,2,9/23/2019,29.8,149,5,Scioto,-0.535477115,0.597289845,-0.85977063,13.33333333,0.153663903,-0.613843262,14.102
18,Cosgray,Summer,40.0919936,-83.1304010,2019,Unlit,Upstream,8/12/2019,2993.666667,165724.6667,-1.094821776,0.01780484,11.05,26.80277778,Night,HPS,0.057045833,1.743333333,0.105425,0.501283333,0.041708333,0.158166667,0.051608333,77.7573101,6.83552381,1270.777778,NA,NA,NA,NA,NA,NA,NA,NA,8.021111111,NA,NA,NA,NA,1.743333333,3.4,0,0,0,0,0,0,0,0,0,6,0,0,0,0,0,0,0,0,0,0,0,0,0,0,0,0,0,0,0,0,0,0,6,1,NA,0,1,0,1,9/23/2019,21.78333333,130.7,6,Scioto,-0.838590208,0.215253521,-0.865579791,37.53333333,-0.74867618,-0.631990332,8.631666667
19,Cosgray,Summer,40.0919867,-83.1300487,2020,Lit,Downstream,7/24/2020,3061.666667,294562.6667,-0.911657264,-0.894506692,32.11111111,41.86111111,Night,HPS,1.2197375,1.047666667,0.408,1.096666667,0.056333333,0.150666667,0.13,NA,5.596666667,710,NA,NA,NA,323.3333333,74.66,NA,NA,NA,7.943333333,NA,NA,NA,23.7,1.047666667,3.2,2,0,0,0,0,0,0,0,0,2,0,0,0,0,0,0,0,0,0,0,0,0,0,0,0,0,0,0,0,0,0,2,6,3,1,1.098612289,3,0.666666667,3,8/18/2020,12.45,74.7,6,Scioto,0.768320769,0.611748937,-0.575341083,13.33333333,2.005567984,-0.512020494,15.342
20,Cosgray,Summer,40.0919936,-83.1304010,2020,Unlit,Upstream,7/24/2020,1966,116227.6667,-1.165190577,0.01780484,21.55555556,70.02777778,Night,HPS,0.024816667,1.529333333,0.325,2.106666667,0.05,0.685666667,0.148666667,NA,5.71,873.3333333,NA,NA,NA,334.3333333,75.02,NA,NA,NA,7.893333333,NA,NA,NA,23.9,1.529333333,3.4,0,0,0,0,0,0,0,0,0,8,0,0,0,0,0,0,0,0,0,0,0,0,0,0,0,0,0,0,0,0,0,0,8,1,NA,0,1,0,1,8/18/2020,17.7125,141.7,8,Scioto,0.327525557,0.440047218,-0.082984177,37.53333333,0.625176554,-0.287616479,6.053666667
21,Cosgray,Winter,40.0919867,-83.1300487,2020,Lit,Downstream,2/3/2020,471.6666667,1495366,0.79547311,-0.894506692,16,24,Night,HPS,2.361291667,1.366666667,0.119,1.803333333,0.005333333,0.643333333,0.085666667,NA,13.02333333,956,NA,NA,NA,499.6666667,43.88,NA,NA,NA,8.863333333,NA,NA,NA,6.6,1.366666667,3.2,7,0,0,0,0,0,0,0,0,1,0,0,0,0,0,0,0,0,0,0,0,0,0,0,0,0,0,0,0,0,0,2,10,3,0.729846699,0.801818553,2.229591874,0.46,2.277777778,3/2/2020,4.8,48,10,Scioto,-0.766496293,-0.770901745,-0.230853743,13.33333333,-0.101345251,-0.654320081,77.88366667
22,Cosgray,Winter,40.0919936,-83.1304010,2020,Unlit,Upstream,2/3/2020,952,1535959.333,0.853185717,0.01780484,15.5,24.7,Night,HPS,0.218629167,2.206666667,0.113333333,2.12,0.006,0.634666667,0.125333333,NA,13.62,985,NA,NA,NA,519,43.88,NA,NA,NA,8.91,NA,NA,NA,6.6,2.206666667,3.4,0,1,0,0,0,0,0,0,0,2,0,0,0,0,0,0,0,0,0,0,0,0,0,0,0,0,0,0,0,0,0,0,3,2,0.918295834,0.636514168,1.889881575,0.444444444,2,3/2/2020,9.4,28.2,3,Scioto,-0.796590745,-0.75282788,-0.076484416,37.53333333,-0.166732214,-0.648743176,79.998
23,Cosgray,Winter,40.0919867,-83.1300487,2021,Lit,Downstream,3/5/2021,471.6666667,1495366,0.79547311,-0.894506692,16,24,Night,HPS,1.587,NA,0.001,2.695666667,0.005,0.482666667,0.046466667,103.4333333,13.89,1180.2,2046.666667,1.036666667,2068.933333,1330.333333,37.1,847.3666667,0.8,0.8,8.68,-87.3,2.666666667,0,2.833333333,2.666666667,3.2,0,1,0,0,0,0,0,0,0,15,0,0,0,0,0,0,0,0,0,0,0,0,0,0,0,0,0,0,0,0,0,1,17,3,0.403925287,0.443757284,1.558552155,0.214532872,1.588235294,1/14/2021,16.44117647,279.5,17,Scioto,-1.393169003,-0.779938678,0.204142771,13.33333333,-0.101345251,-0.654320081,77.88366667
24,Cosgray,Winter,40.0919936,-83.1304010,2021,Unlit,Upstream,3/5/2021,952,1535959.333,0.853185717,0.01780484,15.5,24.7,Night,HPS,0.229227778,NA,0.178333333,2.995666667,0.005,0.418666667,0.0378,104.0333333,14.1,1062.133333,1860.833333,0.936666667,1879.8,1209.666667,36.56666667,941.6333333,0.7,0.7,8.676666667,-87,1.766666667,0,2.537037037,1.766666667,3.4,0,1,0,0,0,0,0,0,0,9,0,0,0,0,0,0,0,0,0,0,0,0,0,0,0,0,0,0,0,0,0,0,10,2,0.468995594,0.325082973,1.384145488,0.18,1.5,1/14/2021,12.08,120.8,10,Scioto,-0.451389676,-0.779938678,0.350387397,37.53333333,-0.166732214,-0.648743176,79.998
25,Dublin Rec,Summer,40.1058324,-83.1386736,2019,Lit,Downstream,8/8/2019,2843.666667,230147,-1.00324407,-0.26367971,19.25,99.625,Night,LED,0.574383333,26.42333333,0.093,0.877866667,0.090133333,0.360666667,0.04068,38.30391319,3.298972222,1322.111111,NA,NA,NA,NA,NA,NA,NA,NA,7.815555556,NA,NA,NA,NA,26.42333333,4.6,41,2,0,0,2,0,0,0,0,15,0,0,7,0,0,0,0,0,0,0,0,0,0,0,0,0,0,0,0,2,0,6,75,7,0.701667134,1.365381198,3.917216001,0.643911111,2.801507991,9/23/2019,14.04933333,1053.7,75,Scioto,-0.90457672,1.528093899,-0.682002163,30.06666667,0.323670005,-0.051815219,11.98666667
26,Dublin Rec,Summer,40.1057301,-83.1387451,2019,Unlit,Upstream,8/8/2019,1984.333333,401473.6667,-0.759673756,-0.509978691,13.45,78.41388889,Night,LED,0.061104545,2.5,0.4605,1.3662,0.156,0.7115,0.12214,37.46999623,3.193214286,971.8333333,NA,NA,NA,NA,NA,NA,NA,NA,7.738333333,NA,NA,NA,NA,2.5,7.283333333,43,3,0,0,10,0,0,0,0,16,0,0,18,0,0,0,0,1,0,0,0,0,0,0,0,0,0,0,0,26,0,13,130,8,0.851867856,1.771409407,5.879133619,0.799763314,3.467278586,9/23/2019,8.486046512,1094.7,130,Scioto,1.047137017,3.313791773,-0.443948411,23.53333333,-0.43481876,-0.220804278,20.91
27,Dublin Rec,Summer,40.1058324,-83.1386736,2020,Lit,Downstream,7/23/2020,3239.666667,232196,-1.00032341,-0.26367971,14.875,128.6075,Night,LED,0.745116667,2.476666667,0.242,1.51,0.082,0.156,0.131666667,NA,4.59,731.3333333,NA,NA,NA,190,75.56,NA,NA,NA,7.503333333,NA,NA,NA,24.2,2.476666667,4.6,76,1,0,0,2,0,0,0,0,33,0,0,0,0,0,0,0,1,0,0,0,0,0,0,0,0,0,0,0,2,0,10,125,7,0.547693507,1.065762353,2.90305129,0.5536,2.365210904,8/17/2020,8.2408,1030.1,125,Scioto,-0.113269654,1.307592744,-0.373848488,30.06666667,-0.248465917,0.179088544,12.09366667
28,Dublin Rec,Summer,40.1057301,-83.1387451,2020,Unlit,Upstream,7/23/2020,2700.333333,286116.6667,-0.923667455,-0.509978691,14.45,103.9081818,Night,LED,0.143675,4.403333333,0.293666667,1.353333333,0.093333333,0.193666667,0.168666667,NA,4.293333333,713.3333333,NA,NA,NA,273.6666667,75.74,NA,NA,NA,7.433333333,NA,NA,NA,24.3,4.403333333,7.283333333,46,0,0,0,51,0,0,0,0,6,0,0,7,0,0,0,0,0,1,0,0,0,0,0,0,0,0,0,0,9,0,24,144,7,0.780098621,1.518001824,4.563098206,0.736689815,3.086046431,8/17/2020,4.915972222,707.9,144,Scioto,0.161120939,1.614848451,-0.450220681,23.53333333,-0.304044835,-0.017691082,14.902
29,Dublin Rec,Winter,40.1058324,-83.1386736,2020,Lit,Downstream,2/5/2020,360.3333333,1706947.667,1.096264705,-0.26367971,28.66666667,225.8666667,Night,LED,1.54535,15.3,0.153333333,2.336666667,0.007666667,1.223333333,0.133333333,NA,11.28,1013.333333,NA,NA,NA,505.6666667,41.6,NA,NA,NA,8.79,NA,NA,NA,5.333333333,15.3,4.6,4,1,0,0,5,0,0,0,0,4,0,0,3,0,0,0,0,0,1,0,0,0,0,0,0,0,0,0,0,0,0,0,18,6,0.917574498,1.644072796,5.176208279,0.790123457,3.587535014,3/2/2020,18.01111111,324.2,18,Scioto,-0.584159318,-0.707643217,0.029136703,30.06666667,1.555124465,0.953952951,88.90333333
30,Dublin Rec,Winter,40.1057301,-83.1387451,2020,Unlit,Upstream,2/5/2020,309.3333333,1695970,1.080660555,-0.509978691,18.5,73.5,Night,LED,0,17.66666667,0.162,2.353333333,0.007,1.22,0.181666667,NA,11.63666667,1022.666667,NA,NA,NA,474.3333333,40.94,NA,NA,NA,8.656666667,NA,NA,NA,4.966666667,17.66666667,7.283333333,1,3,0,0,12,0,1,0,0,3,0,0,3,0,0,0,0,1,0,0,0,0,0,0,0,0,0,0,0,0,0,1,25,8,0.784162563,1.630620209,5.10704117,0.72,3.288819876,3/2/2020,9.464,236.6,25,Scioto,-0.538132508,-0.725717082,0.037261404,23.53333333,0.225589561,-0.259953262,88.33166667
31,Dublin Rec,Winter,40.1058324,-83.1386736,2021,Lit,Downstream,2/3/2021,2427,1540727.333,0.859964196,-0.26367971,28.66666667,225.8666667,Night,LED,1.942222222,NA,0.723,3.219,0.005,0.576666667,0.0802,97.43333333,14.07,2175.7,4180.266667,2.163333333,4191.2,2717,31.8,459.6333333,1.6,1.6,8.536666667,-78.76666667,7.95,0,-0.111111111,7.95,4.6,37,1,0,0,11,0,0,0,0,7,0,0,3,0,0,0,0,0,0,0,0,0,0,0,0,0,0,0,0,0,0,0,59,5,0.670585633,1.079265941,2.942518775,0.555012927,2.455344035,1/27/2021,8.961016949,528.7,59,Scioto,2.441218258,-0.779938678,0.459258396,30.06666667,1.555124465,0.953952951,80.24633333
32,Dublin Rec,Winter,40.1057301,-83.1387451,2021,Unlit,Upstream,2/3/2021,2432.666667,1479921.667,0.773518117,-0.509978691,18.5,73.5,Night,LED,0.302461111,NA,0.396,3.262333333,0.005,0.595333333,0.090633333,96.63333333,13.91333333,2151.166667,4115.5,2.13,4127.933333,2675.333333,32,464.8666667,1.6,1.6,8.51,-77.23333333,5.543333333,0,0,5.543333333,7.283333333,4,2,0,0,26,0,0,0,0,5,0,0,4,0,0,0,0,1,0,0,0,0,0,0,0,0,0,0,0,1,0,5,48,8,0.726718656,1.511168962,4.532025463,0.668402778,2.999615722,1/27/2021,5.775,277.2,48,Scioto,0.704591341,-0.779938678,0.480382619,23.53333333,0.225589561,-0.259953262,77.07933333
33,Grove City,Summer,39.8719848,-83.0757262,2019,Lit,Downstream,8/21/2019,2071.666667,149699.3333,-1.117604745,-0.972417594,0,0,Night,HPS,0.527995,9.806666667,0.153266667,0.767866667,0.176333333,0.269666667,0.078866667,92.61012004,7.794275,782.8333333,NA,NA,NA,NA,NA,NA,NA,NA,8.105,NA,NA,NA,NA,9.806666667,3.566666667,0,0,0,0,0,0,0,0,0,0,0,0,0,0,0,0,0,0,0,0,0,0,0,0,0,0,0,0,0,0,0,0,0,0,0,0,1,1,0,NA,0,0,0,Scioto,-0.58451337,3.865044659,-0.735625192,11.26666667,-2.19372805,-0.845528235,7.797
34,Grove City,Summer,39.8720566,-83.0760760,2019,Unlit,Upstream,8/21/2019,1744.666667,132495,-1.142061861,-0.919639241,0,0,Night,HPS,0.00921,3.316666667,0.168666667,0.8922,0.142333333,0.417666667,0.0908,65.77598058,5.590172222,807.1111111,NA,NA,NA,NA,NA,NA,NA,NA,7.886666667,NA,NA,NA,NA,3.316666667,3.16,0,0,0,0,0,0,0,0,0,0,0,0,0,0,0,0,0,0,0,0,0,0,0,0,0,0,0,0,0,0,0,0,0,0,0,0,1,1,0,NA,0,0,0,Scioto,-0.50272727,2.943277538,-0.67501492,12.66666667,-2.19372805,-0.845528235,6.901
35,Grove City,Summer,39.8719848,-83.0757262,2020,Lit,Downstream,7/28/2020,1815.333333,100775.3333,-1.187154669,-0.972417594,5.833333333,15.78787879,Night,HPS,1.378615789,11.2,0.39,4.49,0.058333333,1.716666667,0.145666667,NA,6.02,604,NA,NA,NA,248.3333333,77.3,NA,NA,NA,7.763333333,NA,NA,NA,25.16666667,11.2,3.566666667,0,0,0,0,129,0,0,0,0,0,0,0,0,0,0,0,0,0,0,0,0,0,0,0,0,0,0,0,0,0,0,0,129,1,NA,0,1,0,1,8/21/2020,0.924806202,119.3,129,Scioto,0.672726626,0.665970532,1.078848126,11.26666667,-1.430880155,-0.719746103,5.249
36,Grove City,Summer,39.8720566,-83.0760760,2020,Unlit,Upstream,7/28/2020,2320,138651,-1.133318078,-0.919639241,8.583333333,16.81060606,Night,HPS,0.04724909,6.13,0.407,4.416666667,0.08,2.04,0.158666667,NA,6.05,628,NA,NA,NA,282.6666667,78.86,NA,NA,NA,7.87,NA,NA,NA,26.03333333,6.13,3.16,0,0,0,0,177,0,0,0,0,0,0,0,0,0,0,0,0,0,0,0,0,0,0,0,0,0,0,0,0,0,0,0,177,1,NA,0,1,0,1,8/21/2020,0.748022599,132.4,177,Scioto,0.763009983,1.253371149,1.043099439,12.66666667,-1.071251861,-0.711598028,7.221333333
37,Grove City,Winter,39.8719848,-83.0757262,2020,Lit,Downstream,3/11/2020,1086,1445778.333,0.724976928,-0.972417594,22.83333333,30.16666667,Night,HPS,2.923008333,26,0.103333333,3.24,0.031333333,2.1,0.076333333,NA,12.79333333,747.3333333,NA,NA,NA,291.3333333,46.58,NA,NA,NA,8.42,NA,NA,NA,8.1,26,3.566666667,0,0,0,0,1,0,0,0,0,0,0,0,0,0,0,0,0,0,0,0,0,0,0,0,0,0,0,0,0,0,0,0,1,1,NA,0,1,0,1,3/3/2020,10,10,1,Scioto,-0.849698601,-0.066021005,0.469495519,11.26666667,0.792276569,-0.605190208,75.301
38,Grove City,Winter,39.8720566,-83.0760760,2020,Unlit,Upstream,3/11/2020,822,1513920.333,0.821850037,-0.919639241,26.91666667,37.24166667,Night,HPS,0,29.86666667,0.151,3.326666667,0.034666667,2.07,0.126,NA,11.2,699.3333333,NA,NA,NA,355,50,NA,NA,NA,8.46,NA,NA,NA,10,29.86666667,3.16,0,0,0,0,5,0,0,0,0,0,0,0,0,0,0,0,0,0,0,0,0,0,0,0,0,0,0,0,0,0,0,0,5,1,NA,0,1,0,1,3/3/2020,3.26,16.3,5,Scioto,-0.596551151,0.02434832,0.511743967,12.66666667,1.326270096,-0.548823637,78.85
39,Grove City,Winter,39.8719848,-83.0757262,2021,Lit,Downstream,2/23/2021,833.3333333,1615604,0.966399965,-0.972417594,22.83333333,30.16666667,Night,HPS,4.254661111,NA,0.659666667,4.032333333,0.028593333,2.12,0.0737,106.1,14.10333333,711.3666667,1214.566667,0.6,1228.933333,789.3333333,37.93333333,1405.7,0.5,0.5,8.49,-77.3,22.32666667,0,3.296296296,22.32666667,3.566666667,0,0,0,0,24,0,0,0,0,0,0,0,0,0,0,0,0,0,0,0,0,0,0,0,0,0,0,0,0,0,0,0,24,1,NA,0,1,0,1,1/26/2021,1.354166667,32.5,24,Scioto,2.104868498,-0.140304591,0.855743825,11.26666667,0.792276569,-0.605190208,84.14566667
40,Grove City,Winter,39.8720566,-83.0760760,2021,Unlit,Upstream,2/23/2021,1964.666667,1355814.333,0.597077492,-0.919639241,26.91666667,37.24166667,Night,HPS,0.089922222,NA,0.303666667,3.239,0.03986,1.636666667,0.260333333,107.8666667,13.50333333,876.3,1392.3,0.696666667,1413.733333,905,42.1,1141.2,0.5,0.5,8.543333333,-80.86666667,30.48666667,0,5.611111111,30.48666667,3.16,0,0,0,0,25,0,0,0,0,0,0,0,0,0,0,0,0,0,0,0,0,0,0,0,0,0,0,0,0,0,0,0,25,1,NA,0,1,0,1,1/26/2021,1.212,30.3,25,Scioto,0.214228796,0.16514373,0.469008037,12.66666667,1.326270096,-0.548823637,70.61533333
41,Noble,Summer,40.1031379,-82.9550141,2019,Lit,Downstream,8/14/2019,1807,293006.6667,-0.91387733,-0.640667946,13.65,117.225,Night,LED,0.8459375,9.013333333,0.160533333,0.755866667,0.0684,0.258666667,0.056913333,87.70561609,7.295107843,669.8888889,NA,NA,NA,NA,NA,NA,NA,NA,8.177777778,NA,NA,NA,NA,9.013333333,7.466666667,2,0,0,2,7,0,0,0,0,10,0,0,0,0,0,0,0,0,0,0,0,0,0,0,0,0,0,0,19,0,2,0,42,6,0.800379517,1.434087579,4.195814911,0.704081633,3.021539543,10/2/2019,11.77142857,494.4,42,Big Walnut,-0.545921661,0.938885896,-0.741474977,20.06666667,-0.408663975,0.088404094,15.26066667
42,Noble,Summer,40.1031174,-82.9551774,2019,Unlit,Upstream,8/14/2019,1252,292104.6667,-0.915160237,-0.090265121,28,325.2222222,Night,LED,0.000775,4.676666667,0.104033333,0.634866667,0.032566667,0.2023,0.070713333,90.30786171,7.469248291,672,NA,NA,NA,NA,NA,NA,NA,NA,8.251111111,NA,NA,NA,NA,4.676666667,8.266666667,1,0,0,2,22,0,0,0,0,26,0,0,0,0,0,0,0,0,0,0,0,0,0,0,0,0,0,0,6,0,11,0,68,6,0.78545355,1.407343835,4.085090309,0.714100346,2.980648549,10/2/2019,29.04328358,1945.9,68,Big Walnut,-0.845981052,-0.032584355,-0.80046031,34.66666667,1.467941848,1.7455193,15.21366667
43,Noble,Summer,40.1031379,-82.9550141,2020,Lit,Downstream,7/27/2020,2404.666667,228054,-1.006219321,-0.640667946,18.08333333,878.4469697,Night,LED,0.7988625,3.066666667,0.308333333,1.346666667,0.084666667,0.253333333,0.139,NA,4.516666667,728.6666667,NA,NA,NA,296,75.74,NA,NA,NA,7.716666667,NA,NA,NA,24.3,3.066666667,7.466666667,14,0,0,4,16,0,0,0,0,4,0,0,1,0,0,0,0,0,0,0,0,0,0,0,0,0,0,0,13,0,3,0,55,7,0.853674561,1.661173993,5.265488864,0.780826446,3.367841022,8/13/2020,6.847272727,376.6,55,Big Walnut,0.239012463,1.379888205,-0.453470561,20.06666667,0.171100426,6.15306442,11.87766667
44,Noble,Summer,40.1031174,-82.9551774,2020,Unlit,Upstream,7/27/2020,2214,354140,-0.82696722,-0.090265121,19.66666667,332.2424242,Night,LED,0.005989669,1.956666667,0.334666667,1.29,0.089333333,0.241666667,0.120666667,NA,4.953333333,719.3333333,NA,NA,NA,310.6666667,76.58,NA,NA,NA,7.616666667,NA,NA,NA,24.76666667,1.956666667,8.266666667,16,0,0,1,15,0,0,0,0,6,0,0,2,0,0,0,0,0,0,0,0,0,0,0,0,0,0,0,7,0,12,0,59,7,0.871148577,1.695176858,5.447609331,0.794599253,3.44046384,8/13/2020,9.63559322,568.5,59,Big Walnut,0.378863152,1.50640526,-0.481094546,34.66666667,0.37815914,1.801449295,18.44466667
45,Noble,Winter,40.1031379,-82.9550141,2020,Lit,Downstream,2/9/2020,388,1743766,1.14861822,-0.640667946,12,28.4,Night,LED,1.338908333,5.56,0.152666667,1.85,0.007,0.781333333,0.096333333,NA,14.57333333,1105.666667,NA,NA,NA,557.3333333,40.4,NA,NA,NA,9.973333333,NA,NA,NA,4.666666667,5.56,7.466666667,1,0,0,0,4,0,0,0,0,5,0,0,0,0,0,0,0,0,0,0,0,0,0,0,0,0,0,0,4,0,0,0,14,4,0.917618873,1.272089869,3.568302059,0.704081633,3.042457542,2/24/2020,24.49285714,342.9,14,Big Walnut,-0.587699841,-0.725717082,-0.208104579,20.06666667,-0.624440951,-0.619265252,90.82133333
46,Noble,Winter,40.1031174,-82.9551774,2020,Unlit,Upstream,2/9/2020,682.3333333,1689566,1.071561926,-0.090265121,19.91666667,397.4416667,Night,LED,0,3.916666667,0.129333333,1.716666667,0.005666667,0.870333333,0.122333333,NA,14.58,1089.666667,NA,NA,NA,531.6666667,39.92,NA,NA,NA,9.963333333,NA,NA,NA,4.4,3.916666667,8.266666667,0,0,0,1,14,0,0,0,0,11,0,0,3,0,0,0,0,0,0,0,0,0,0,0,0,0,0,0,3,0,10,0,42,6,0.850998429,1.524784493,4.594153389,0.752834467,3.213391123,2/24/2020,19.78571429,831,42,Big Walnut,-0.711618174,-0.761864812,-0.27310219,34.66666667,0.410852622,2.320892079,87.99833333
47,Noble,Winter,40.1031379,-82.9550141,2021,Lit,Downstream,1/21/2021,388,1743766,1.14861822,-0.640667946,12,28.4,Night,LED,0.645211111,NA,0.673,2.959,0.005,0.448,0.012033333,111.0666667,15.53,737.9,1341.966667,0.66,1351.933333,872.3333333,34.6,1355.2,0.5,0.5,8.763333333,-91.13333333,-0.753333333,0,1.444444444,-0.753333333,7.466666667,0,0,0,1,12,0,0,0,0,0,0,0,0,0,0,0,0,0,0,0,0,0,0,0,0,0,0,0,8,0,1,0,22,4,0.706544218,0.979478266,2.663066466,0.566115702,2.368952685,3/3/2021,10.45454545,230,22,Big Walnut,2.175678974,-0.779938678,0.332513054,20.06666667,-0.624440951,-0.619265252,90.82133333
48,Noble,Winter,40.1031174,-82.9551774,2021,Unlit,Upstream,1/21/2021,682.3333333,1689566,1.071561926,-0.090265121,19.91666667,397.4416667,Night,LED,0.008361111,NA,0.071666667,3.095666667,0.005,0.43,0.0386,119.7,16.39666667,747.5666667,1325.2,0.656666667,1337.633333,861.3333333,35.93333333,1337.666667,0.5,0.5,8.863333333,-96.96666667,36.33333333,0,2.185185185,36.33333333,8.266666667,2,0,0,11,37,0,0,0,0,2,0,0,0,0,0,0,0,0,0,0,0,0,0,0,0,0,0,0,8,0,2,0,62,6,0.676097965,1.21140493,3.358199376,0.592611863,2.608062244,3/3/2021,11.91774194,738.9,62,Big Walnut,-1.017873481,-0.779938678,0.399135605,34.66666667,0.410852622,2.320892079,87.99833333
49,Palmer,Summer,39.9474300,-82.7868265,2019,Lit,Downstream,8/21/2019,3074.333333,229120.3333,-1.004708949,-0.228494141,13.85,165.8361111,Night,LED,0.152804167,2.026666667,0.075,0.606866667,0.050166667,0.272333333,0.0411,87.0657612,7.529225926,616.6111111,NA,NA,NA,NA,NA,NA,NA,NA,8.041111111,NA,NA,NA,NA,2.026666667,6.633333333,0,0,0,2,77,0,0,0,0,0,0,2,0,0,0,59,0,0,0,2,0,0,0,0,0,0,0,0,28,0,2,0,172,7,0.631839266,1.22950244,3.419527691,0.654881017,2.655613187,9/25/2019,4.90755814,844.1,172,Big Walnut,-1.000170862,0.444565684,-0.814109808,31,-0.38250919,0.475689128,11.933
50,Palmer,Summer,39.9473648,-82.7864178,2019,Unlit,Upstream,8/21/2019,3748,174020.3333,-1.083039051,0.218865233,7.15,6.002777778,Night,LED,0.003008333,1.43,0.066,0.667866667,0.0459,0.283,0.054513333,90.6501805,7.777953704,591.7777778,NA,NA,NA,NA,NA,NA,NA,NA,8.113333333,NA,NA,NA,NA,1.43,8.45,0,0,0,8,60,0,0,0,0,0,0,2,0,0,0,62,0,0,0,2,0,0,0,0,0,0,0,0,45,0,2,1,182,8,0.669801517,1.392813099,4.026160124,0.711810168,2.903839424,9/25/2019,2.874725275,523.2,182,Big Walnut,-1.047967933,0.328892948,-0.784373401,42.86666667,-1.258694487,-0.797704066,9.063333333
51,Palmer,Summer,39.9474300,-82.7868265,2020,Lit,Downstream,7/6/2020,3452,111306.6667,-1.172187424,-0.228494141,11.44444444,99.77777778,Night,LED,0.150291667,1.763333333,0.334333333,1.523333333,0.011333333,0.275,0.162333333,NA,6.443333333,633.3333333,NA,NA,NA,321.3333333,74.06,NA,NA,NA,7.396666667,NA,NA,NA,23.36666667,1.763333333,6.633333333,0,0,0,7,46,0,0,0,0,0,0,4,0,0,0,27,0,1,0,3,0,0,0,0,3,0,0,1,21,0,0,0,113,9,0.722538757,1.587579916,4.891895791,0.736001253,3.123011837,8/11/2020,5.026548673,568,113,Big Walnut,0.37709289,-0.608236959,-0.367348726,31,-0.697093131,-0.050598038,5.797333333
52,Palmer,Summer,39.9473648,-82.7864178,2020,Unlit,Upstream,7/6/2020,2654,205745.6667,-1.037928046,0.218865233,6,19.5,Night,LED,0.018875,3.206666667,0.324333333,1.53,0.016333333,0.302666667,0.116,NA,6.49,720,NA,NA,NA,314,75.5,NA,NA,NA,7.396666667,NA,NA,NA,24.16666667,3.206666667,8.45,0,0,0,1,12,0,0,0,0,0,0,3,0,0,0,20,0,2,0,2,0,0,0,0,5,0,0,0,33,0,0,0,78,8,0.743477467,1.54601793,4.692746083,0.72452334,3.086562466,8/11/2020,3.269230769,255,78,Big Walnut,0.323985034,-0.472682971,-0.364098846,42.86666667,-1.409084501,-0.690171609,10.716
53,Palmer,Winter,39.9474300,-82.7868265,2020,Lit,Downstream,3/9/2020,254.3333333,1731518.667,1.131203443,-0.228494141,16.33333333,101.0666667,Night,LED,0.334095833,10.43,0.172333333,0.957333333,0.008666667,0.385666667,0.01,NA,11.41666667,629.3333333,NA,NA,NA,273.6666667,48.2,NA,NA,NA,9.04,NA,NA,NA,9,10.43,6.633333333,1,0,0,31,39,0,0,0,0,0,0,6,0,0,0,28,0,0,0,5,0,0,0,0,0,0,0,0,27,0,0,1,138,8,0.799899244,1.663343717,5.276925926,0.786914514,3.340059812,2/25/2020,4.42826087,611.1,138,Big Walnut,-0.48325439,-0.680532419,-0.643263587,31,-0.057753943,-0.040329452,90.18333333
54,Palmer,Winter,39.9473648,-82.7864178,2020,Unlit,Upstream,3/9/2020,237.6666667,1776366.333,1.19495754,0.218865233,10.91666667,12.24166667,Night,LED,0,10.36,0.130666667,1.233333333,0.008,0.472,0.01,NA,17.28666667,640,NA,NA,NA,262.3333333,46.22,NA,NA,NA,8.823333333,NA,NA,NA,7.9,10.36,8.45,0,0,0,25,24,0,0,0,0,1,0,0,0,0,0,12,0,0,0,2,0,0,0,0,0,0,0,0,17,0,4,0,85,7,0.822026896,1.59959048,4.951004474,0.770934256,3.268979602,2/25/2020,5.58,474.3,85,Big Walnut,-0.704537126,-0.698606285,-0.508718531,42.86666667,-0.766112703,-0.747998798,92.519
55,Palmer,Winter,39.9474300,-82.7868265,2021,Lit,Downstream,1/13/2021,1382.333333,1607788.667,0.955299637,-0.228494141,16.33333333,101.0666667,Night,LED,0.477477778,NA,0.449666667,2.759,0.005,0.550666667,0.0222,104.6333333,14.32666667,417.3333333,737,0.36,744.1333333,479,36.1,2396.1,0.2,0.2,8.683333333,-87.33333333,1.543333333,0,2.277777778,1.543333333,6.633333333,0,0,0,46,33,0,0,0,0,0,0,3,0,0,0,65,0,0,0,2,0,0,0,0,0,0,1,13,33,0,0,0,196,8,0.780875435,1.623784819,5.072251586,0.7734798,3.268418786,1/21/2021,4.368367347,856.2,196,Big Walnut,0.989603505,-0.779938678,0.235016637,31,-0.057753943,-0.040329452,83.739
56,Palmer,Winter,39.9473648,-82.7864178,2021,Unlit,Upstream,1/13/2021,248.3333333,1709777.333,1.100295398,0.218865233,10.91666667,12.24166667,Night,LED,0.015711111,NA,0.623,2.715666667,0.005,0.569666667,0.130833333,103.4,14.02666667,415.6333333,725.9666667,0.35,733.4666667,472,36.73333333,2406.066667,0.2,0.2,8.793333333,-93.4,2.503333333,0,2.62962963,2.503333333,8.45,1,0,0,19,14,0,0,0,0,0,0,6,0,0,0,81,0,1,0,3,0,0,0,0,5,0,2,45,21,0,1,0,199,12,0.699320477,1.737746103,5.684516659,0.756041514,3.255646155,1/21/2021,3.214070352,639.6,199,Big Walnut,1.91013969,-0.779938678,0.213892413,42.86666667,-0.766112703,-0.747998798,89.051
57,Ritas,Summer,40.0189037,-82.8742534,2019,Lit,Downstream,8/7/2019,2077.333333,180353,-1.074031408,-0.858535731,8.6,43.87777778,Night,LED,0.643225,1.69,0.1045,0.739866667,0.0365,0.389666667,0.094876667,NA,NA,654.2777778,NA,NA,NA,NA,NA,NA,NA,NA,7.986666667,NA,NA,NA,NA,1.69,5.233333333,8,0,0,17,45,9,0,0,0,5,0,2,1,0,0,7,0,0,0,8,0,0,0,0,0,0,0,6,1,0,2,0,111,12,0.77968242,1.937438031,6.940945685,0.785488191,3.491372629,10/1/2019,10.51454545,1156.6,111,Big Walnut,-0.843502685,0.074051449,-0.749274691,14.2875,-1.069072296,-0.495953697,9.393333333
58,Ritas,Summer,40.0190996,-82.8741901,2019,Unlit,Upstream,8/7/2019,1374,381039,-0.788716581,-0.628101672,8.25,12.51388889,Night,LED,0.000566667,5.163333333,0.102,0.594533333,0.035733333,0.300666667,0.02193,NA,NA,655.5,NA,NA,NA,NA,NA,NA,NA,NA,7.900555556,NA,NA,NA,NA,5.163333333,5.5,0,0,0,28,43,3,0,0,0,0,1,12,0,0,0,20,0,0,0,2,0,0,0,0,0,0,0,0,2,0,0,1,112,9,0.721838364,1.586040995,4.884373342,0.745216837,3.152111825,10/1/2019,2.603603604,289,112,Big Walnut,-0.856779649,0.053266505,-0.820122087,20.4,-1.114843169,-0.745830002,19.846
59,Ritas,Summer,40.0189037,-82.8742534,2020,Lit,Downstream,7/30/2020,2306.333333,240693.3333,-0.988249528,-0.858535731,33.66666667,114.5,Night,LED,0.241241667,3.67,0.415,0.842666667,0.006666667,0.201666667,0.12,NA,5.11,750.6666667,NA,NA,NA,240.3333333,72.38,NA,NA,NA,7.8,NA,NA,NA,22.43333333,3.67,5.233333333,10,1,0,18,22,0,0,0,0,27,0,0,0,0,0,1,0,1,0,0,0,0,0,0,0,0,0,6,0,0,5,2,93,10,0.790624419,1.820480002,6.174821666,0.802867384,3.488479513,8/13/2020,17.09677419,1590,93,Big Walnut,0.805496268,-0.734754015,-0.699161532,14.2875,2.20899409,0.066694001,12.536
60,Ritas,Summer,40.0190996,-82.8741901,2020,Unlit,Upstream,7/30/2020,1903,162399.3333,-1.099553064,-0.628101672,7.333333333,31,Night,LED,0.004125,3.11,0.377,0.93,0.005,0.215333333,0.127333333,NA,5.41,734,NA,NA,NA,334.3333333,72.02,NA,NA,NA,7.643333333,NA,NA,NA,22.23333333,3.11,5.5,0,0,0,11,35,4,0,0,0,0,0,1,1,0,0,6,0,0,0,0,0,0,0,0,0,0,0,0,5,0,2,0,65,8,0.701311995,1.458337295,4.298805939,0.661775148,2.915193523,8/13/2020,1.426153846,92.7,65,Big Walnut,0.603686413,-0.779938678,-0.656588097,20.4,-1.234719267,-0.598551036,8.458333333
61,Ritas,Winter,40.0189037,-82.8742534,2020,Lit,Downstream,2/12/2020,271.6666667,1731013.333,1.130475552,-0.858535731,34.66666667,129.4666667,Night,LED,1.365541667,6.603333333,0.144,1.876666667,0.005666667,0.716,0.019,NA,13.03666667,834,NA,NA,NA,413.6666667,39.56,NA,NA,NA,8.893333333,NA,NA,NA,4.2,6.603333333,5.233333333,0,0,0,46,26,11,0,0,0,1,0,7,1,0,0,6,2,0,0,0,0,1,0,0,0,0,6,10,5,0,1,1,124,14,0.742347893,1.959098648,7.092930957,0.79396462,3.500562461,2/26/2020,5.166935484,640.7,124,Big Walnut,-0.633726651,-0.761864812,-0.195105056,14.2875,2.339768015,0.185933531,90.15666667
62,Ritas,Winter,40.0190996,-82.8741901,2020,Unlit,Upstream,2/12/2020,459,1712412.333,1.104034935,-0.628101672,11.5,9.1,Night,LED,0,5.483333333,0.123,1.946666667,0.007333333,0.744666667,0.097,NA,15.33,838.6666667,NA,NA,NA,404,39.98,NA,NA,NA,8.83,NA,NA,NA,4.433333333,5.483333333,5.5,0,0,0,28,14,1,0,0,0,0,0,0,0,0,0,7,0,0,0,8,0,0,0,0,0,0,0,0,0,0,0,0,58,5,0.803453157,1.293107971,3.644094716,0.674791914,2.843040202,2/26/2020,3.55,205.9,58,Big Walnut,-0.74525315,-0.71668015,-0.16098131,20.4,-0.689827913,-0.773028476,89.188
63,Ritas,Winter,40.0189037,-82.8742534,2021,Lit,Downstream,1/26/2021,240.3333333,1688781,1.070433696,-0.858535731,34.66666667,129.4666667,Night,LED,1.221561111,NA,0.027666667,1.699,0.005,0.676666667,0.0652,99.56666667,13.66333333,815.8,1449.133333,0.716666667,1462.5,941.6666667,35.8,1226.066667,0.5,0.5,8.466666667,-75.5,8.553333333,0,2.111111111,8.553333333,5.233333333,46,1,28,24,43,5,0,1,0,9,0,6,0,0,2,5,3,0,0,12,2,7,1,7,0,0,70,55,1,0,8,1,337,22,0.777358954,2.402849528,11.05463203,0.878972255,3.982206372,3/3/2021,5.801839763,1955.22,337,Big Walnut,-1.251548051,-0.779938678,-0.281714374,14.2875,2.339768015,0.185933531,87.957
64,Ritas,Winter,40.0190996,-82.8741901,2021,Unlit,Upstream,1/26/2021,2280.333333,1329917.667,0.560264437,-0.628101672,11.5,9.1,Night,LED,0.025061111,NA,0.686333333,1.442333333,0.005,0.528666667,0.067,103.7333333,14.07333333,706.7,1236.933333,0.61,1249.633333,803.6666667,36.6,1415.033333,0.5,0.5,8.513333333,-78.33333333,11.27333333,0,2.555555556,11.27333333,5.5,0,0,0,29,43,6,0,0,0,0,0,4,0,0,0,21,4,0,0,7,0,0,0,0,0,0,9,3,7,0,0,0,133,10,0.83248625,1.916870428,6.799645159,0.808525072,3.545140814,3/3/2021,2.426090226,322.67,133,Big Walnut,2.246489449,-0.779938678,-0.406834775,20.4,-0.689827913,-0.773028476,69.26666667
65,Sycamore,Summer,40.0746420,-83.0506400,2019,Lit,Downstream,8/12/2019,2351.333333,501956,-0.616816173,3.604219598,11.16666667,16.375,Night,HPS,3.189636842,2.656666667,0.081,3.8462,0.065,2.863333333,0.0733,53.2780494,4.4394,NA,NA,NA,NA,NA,NA,NA,NA,NA,NA,NA,NA,NA,NA,2.656666667,5.133333333,0,0,0,2,77,0,0,0,0,0,0,0,0,0,0,0,0,0,0,0,0,0,0,0,0,0,0,0,27,0,0,0,106,3,0.596615758,0.655449403,1.926007877,0.407084372,1.868977706,9/24/2019,1.017924528,107.9,106,Olentangy,-0.968306148,0.846709183,0.765007159,132.6666667,-0.733419222,-0.715068505,26.14366667
66,Sycamore,Summer,40.0744460,-83.0508800,2019,Unlit,Upstream,8/12/2019,2295.666667,292910,-0.914004711,0.550614881,14.2,109.3444444,Night,HPS,0.003973684,2.99,0.09,3.769533333,0.065033333,2.976666667,0.029923333,41.85669038,3.558230769,763.6666667,NA,NA,NA,NA,NA,NA,NA,NA,7.9,NA,NA,NA,NA,2.99,4.7,0,0,0,3,36,0,0,0,0,0,0,0,0,0,0,0,0,0,0,0,0,0,0,0,0,0,0,0,32,0,0,0,71,3,0.762090789,0.837242306,2.309987945,0.537988494,2.130215349,9/24/2019,3.246478873,230.5,71,Olentangy,-0.920509077,0.847612877,0.727633533,51.66666667,-0.336738316,0.025619657,15.256
67,Sycamore,Summer,40.0746420,-83.0506400,2020,Lit,Downstream,7/10/2020,2377,432478.6667,-0.715590896,3.604219598,14.11111111,47.11111111,Night,HPS,2.518772727,12.66666667,0.313666667,6.303333333,0.022666667,2.136666667,0.515333333,NA,4.59,606.6666667,NA,NA,NA,272.3333333,76.28,NA,NA,NA,7.49,NA,NA,NA,24.6,12.66666667,5.133333333,0,0,0,0,24,0,0,0,1,0,0,0,0,0,0,0,0,0,0,0,0,0,0,0,0,0,0,0,14,0,0,0,39,3,0.69222082,0.760482299,2.139307757,0.491781723,2.030710873,8/10/2020,1.030769231,40.2,39,Olentangy,0.267336653,-0.300981252,1.96281564,132.6666667,-0.348362665,-0.47019371,22.525
68,Sycamore,Summer,40.0744460,-83.0508800,2020,Unlit,Upstream,7/10/2020,2165,218243.3333,-1.020167521,0.550614881,19.33333333,170.5,Night,HPS,0.023241667,20.93333333,0.337666667,6.263333333,0.020333333,1.67,1.243333333,NA,4.823333333,644,NA,NA,NA,274.3333333,77.6,NA,NA,NA,7.456666667,NA,NA,NA,25.33333333,20.93333333,4.7,0,1,0,0,20,0,0,0,0,0,0,0,0,0,0,0,0,0,0,0,0,0,0,0,0,0,0,0,3,0,0,0,24,3,0.495428404,0.544283733,1.723373545,0.288194444,1.729578393,8/10/2020,1.316666667,31.6,24,Olentangy,0.394795509,-0.36423978,1.943316356,51.66666667,0.334567832,0.512846361,11.36666667
69,Sycamore,Winter,40.0746420,-83.0506400,2020,Lit,Downstream,1/31/2020,278.3333333,1653483.333,1.020254754,3.604219598,26.16666667,38.16666667,Night,HPS,3.063304348,5.863333333,0.129333333,5.51,0.005666667,4.18,0.013333333,NA,11.83333333,753,NA,NA,NA,322,38.12,NA,NA,NA,8.976666667,NA,NA,NA,3.4,5.863333333,5.133333333,0,0,0,0,0,0,0,0,0,0,0,0,0,0,0,0,0,0,0,0,0,0,0,0,0,0,0,0,2,0,0,0,2,1,NA,0,1,0,1,3/2/2020,3.6,7.2,2,Olentangy,-0.711618174,-0.761864812,1.576079852,132.6666667,1.228189653,-0.541454156,86.11866667
70,Sycamore,Winter,40.0744460,-83.0508800,2020,Unlit,Upstream,1/31/2020,541,1602024.333,0.947101772,0.550614881,32.75,246.575,Night,HPS,0,4.226666667,0.161666667,5.32,0.007,4.21,0.044333333,NA,NA,734.3333333,NA,NA,NA,326.3333333,38.78,NA,NA,NA,8.94,NA,NA,NA,3.766666667,4.226666667,4.7,0,0,0,0,0,0,0,0,0,0,0,0,0,0,0,0,0,0,0,0,0,0,0,0,0,0,0,0,0,0,0,0,0,0,0,0,1,1,0,NA,0,0,0,Olentangy,-0.53990277,-0.725717082,1.483458256,51.66666667,2.089117992,1.118936375,83.43866667
71,Sycamore,Winter,40.0746420,-83.0506400,2021,Lit,Downstream,2/26/2021,314,1729805,1.12876501,3.604219598,26.16666667,38.16666667,Night,HPS,2.193372222,NA,0.703,11.60566667,0.01656,5.193333333,4.846666667,99.33333333,13.72666667,478.7,855.6333333,0.42,863.1333333,556.3333333,35.5,2088.933333,0.3,0.3,8.573333333,-81.3,7.956666667,0,1.944444444,7.956666667,5.133333333,0,0,0,0,13,0,0,0,0,0,0,0,0,0,0,0,0,0,0,0,0,0,0,0,0,0,0,0,19,0,0,0,32,2,0.974489403,0.675464582,1.964945643,0.482421875,1.93586624,1/27/2021,1.703125,54.5,32,Olentangy,2.335002544,-0.466537856,4.547608148,132.6666667,1.228189653,-0.541454156,90.094
72,Sycamore,Winter,40.0744460,-83.0508800,2021,Unlit,Upstream,2/26/2021,370,1651823,1.017898209,0.550614881,32.75,246.575,Night,HPS,0.107416667,NA,0.266333333,12.39566667,0.010996667,4.886666667,4.846666667,99.33333333,13.01666667,527.6333333,883.6,0.43,895.0666667,574.3333333,39,1895.233333,0.3,0.3,8.716666667,-89.7,12.48,0,3.888888889,12.48,4.7,0,1,0,0,45,0,5,0,0,1,0,0,0,0,0,0,0,0,0,0,0,0,0,0,0,0,0,0,11,0,0,0,63,5,0.545331255,0.877676796,2.405305196,0.452506929,2.135853434,1/27/2021,1.86984127,117.8,63,Olentangy,0.015959464,-0.617364261,4.932718995,51.66666667,2.089117992,1.118936375,86.03233333
73,VFW,Summer,39.9560505,-82.7929677,2019,Lit,Downstream,8/21/2019,3236,249631.6667,-0.975538743,0.135927821,13.35,59.83611111,Night,HPS,2.003120833,3.076666667,0.0775,0.644533333,0.057266667,0.271333333,0.053953333,81.55096367,7.077127778,570.7777778,NA,NA,NA,NA,NA,NA,NA,NA,8.112777778,NA,NA,NA,NA,3.076666667,5.6,0,0,0,42,117,0,0,0,0,0,0,0,0,0,0,27,0,0,0,0,0,0,0,0,0,0,0,0,62,0,4,0,252,5,0.810803998,1.304938695,3.687463025,0.684397833,2.831050757,9/25/2019,3.457539683,871.3,252,Big Walnut,-0.986893898,0.637052348,-0.795747983,40.66666667,-0.447896152,-0.368813553,13.00166667
74,VFW,Summer,39.9561032,-82.7925983,2019,Unlit,Upstream,8/21/2019,3955.333333,291682.6667,-0.915751648,1.342290178,13.95,79.025,Night,HPS,0.004625,1.953333333,0.076166667,0.598533333,0.038133333,0.267666667,0.032813333,80.33011623,6.983266667,572.1111111,NA,NA,NA,NA,NA,NA,NA,NA,8.111111111,NA,NA,NA,NA,1.953333333,6.156666667,0,0,0,25,33,0,0,0,0,3,0,0,0,0,0,34,0,0,0,5,0,0,0,0,0,0,0,0,11,0,0,0,111,6,0.851169362,1.525090765,4.595560667,0.754484214,3.161521393,9/25/2019,7.255140187,776.3,111,Big Walnut,-0.993974946,0.118332419,-0.818172159,72.66666667,-0.369431797,-0.215935552,15.192
75,VFW,Summer,39.9560505,-82.7929677,2020,Lit,Downstream,7/15/2020,2540.333333,200848,-1.044888497,0.135927821,15.3,181.1222222,Night,HPS,0.424525,1.046666667,0.353666667,1.32,0.104333333,0.367666667,0.122666667,NA,6.616666667,580.6666667,NA,NA,NA,249.3333333,71.18,NA,NA,NA,7.883333333,NA,NA,NA,21.76666667,1.046666667,5.6,0,0,0,17,29,0,1,0,0,13,0,0,1,0,0,1,0,0,0,1,0,0,0,0,0,0,0,0,9,0,1,0,73,9,0.712405404,1.565314664,4.784180106,0.740101332,3.144633002,8/11/2020,6.308219178,460.5,73,Big Walnut,0.47976808,1.913067226,-0.466470084,40.66666667,-0.192886999,0.597473674,10.461
76,VFW,Summer,39.9561032,-82.7925983,2020,Unlit,Upstream,7/15/2020,2100,272993,-0.942328745,1.342290178,9.333333333,40.25,Night,HPS,0.038183333,0.824,0.321333333,1.613333333,0.075,0.279333333,0.182,NA,6.403333333,603.3333333,NA,NA,NA,215.3333333,73.28,NA,NA,NA,7.79,NA,NA,NA,22.93333333,0.824,6.156666667,0,0,0,18,20,0,0,0,0,2,1,0,2,0,0,8,0,0,0,1,0,0,0,0,0,0,0,0,3,0,0,0,55,8,0.749834453,1.559236912,4.75519123,0.73322314,3.125328242,8/11/2020,8.816363636,484.9,55,Big Walnut,0.308052677,1.11781716,-0.323475339,72.66666667,-0.973171417,-0.524856226,14.21833333
77,VFW,Winter,39.9560505,-82.7929677,2020,Lit,Downstream,2/18/2020,254.3333333,1665306,1.037069021,0.135927821,23.41666667,165.6416667,Night,HPS,2.68875,3.866666667,0.118,1.456666667,0.015,0.365,0.163333333,NA,13.38,565,NA,NA,NA,218.3333333,44.24,NA,NA,NA,9.006666667,NA,NA,NA,6.8,3.866666667,5.6,0,0,0,14,43,0,1,0,0,0,0,0,0,0,0,48,1,0,0,3,0,0,0,0,0,0,0,0,28,0,2,0,140,8,0.719114866,1.495357325,4.460930271,0.737346939,3.065958853,2/25/2020,5.776422764,710.5,147,Big Walnut,-0.771807078,-0.508830701,-0.399847532,40.66666667,0.868561359,0.474139988,86.73466667
78,VFW,Winter,39.9561032,-82.7925983,2020,Unlit,Upstream,2/18/2020,227.3333333,1758263.667,1.169226616,1.342290178,20.33333333,83.46666667,Night,HPS,0,3.41,0.081,1.603333333,0.012333333,0.375333333,0.117333333,NA,15.45333333,558.3333333,NA,NA,NA,252,44.66,NA,NA,NA,9.133333333,NA,NA,NA,7.033333333,3.41,6.156666667,0,0,0,41,9,0,0,0,0,0,0,0,0,0,0,21,0,0,0,6,0,0,0,0,0,0,0,0,0,0,0,0,77,4,0.822111465,1.139688488,3.12579449,0.622364648,2.601017117,2/25/2020,8.08961039,622.9,77,Big Walnut,-0.968306148,-0.581126161,-0.32835016,72.66666667,0.465341757,-0.180548765,91.57633333
79,VFW,Winter,39.9560505,-82.7929677,2021,Lit,Downstream,1/13/2021,469,1700937.333,1.087721092,0.135927821,23.41666667,165.6416667,Night,HPS,5.268333333,NA,0.453,2.469,0.005,0.396333333,0.0463,100.8666667,14.56,384.1333333,725.2,0.35,728.2666667,471.3333333,32.66666667,2603.3,0.2,0.2,8.55,-79.63333333,-0.663333333,0,0.37037037,-0.663333333,5.6,1,0,0,35,24,0,1,0,0,5,0,1,0,0,0,36,4,0,0,5,0,0,0,0,1,0,2,34,15,0,5,0,169,14,0.774989107,2.045240684,7.731019047,0.839746507,3.703230751,1/21/2021,4.012426036,678.1,169,Big Walnut,1.007306124,-0.779938678,0.093646832,40.66666667,0.868561359,0.474139988,88.59033333
80,VFW,Winter,39.9561032,-82.7925983,2021,Unlit,Upstream,1/13/2021,781,1714061.667,1.106382381,1.342290178,20.33333333,83.46666667,Night,HPS,0.095955556,NA,0.509666667,3.225666667,0.005,0.394333333,0.094266667,100.2666667,14.44,384.1666667,723.3666667,0.35,726.6,470,32.8,2603.133333,0.2,0.2,8.546666667,-79.43333333,-0.98,0,0.444444444,-0.98,6.156666667,0,0,0,36,8,0,0,0,0,1,0,0,0,0,0,6,0,0,0,3,0,0,0,0,0,0,1,0,2,0,0,0,57,7,0.625504622,1.217175791,3.377635104,0.565712527,2.568013802,1/21/2021,9.663157895,550.8,57,Big Walnut,1.308250646,-0.779938678,0.462508276,72.66666667,0.465341757,-0.180548765,89.274
