id,age,bodylengthcm,preydensity,watertemp,site
S0001,8.407800869600926,67.16363857434342,29.059163454700993,7.9715626475747206,B1a
S0002,7.296149187195516,69.13312287209192,20.70141187548529,9.160965690524506,B1a
S0003,11.164075404312293,104.19567801242663,25.80962156663952,9.9074311621535,B1a
S0004,10.272665249565827,102.41423249431189,30.160466364295907,8.262398427836047,B1a
S0005,11.949513236227688,128.41926820816758,34.729164999785205,9.852917815956392,B1a
S0006,12.626474119105357,137.53849554745602,28.60719198547672,7.845953583368175,B1a
S0007,10.7426199633249,110.64539714211264,25.101635576349345,7.411515294647646,B1a
S0008,12.910156281664172,141.03784243929175,32.40402873639677,7.525737037804502,B1a
S0009,8.042607254878064,85.36628909140697,30.179803484040967,8.003874024303375,B1a
S0010,9.647396977971471,101.97026082186012,33.05119399924084,7.479445695280344,B1a
S0011,9.78376605780134,101.19964694573893,40.80198110601823,9.5842488805141,B1a
S0012,6.642084730964337,59.572010712858045,27.278572398910477,8.479213502542564,B1a
S0013,12.138736554729405,116.39021386670537,12.73713092943733,9.721725062470895,B1a
S0014,12.031214792648463,106.44118733940176,22.56861943204428,8.987108553301127,B1a
S0015,11.286782413715239,84.70493141962704,10.79354558920138,9.628581955145638,B1a
S0016,10.343324578059875,123.57625970816142,37.96813296175269,8.0485795438712735,B1a
S0017,7.362845646350133,65.30847184649302,31.77170021113167,9.356634407852624,B1a
S0018,8.42354309737473,99.7868323657164,41.176513729773724,8.311985944091402,B1a
S0019,13.902192216025561,146.2976401438176,26.08685036182267,8.67553051283758,B1a
S0020,10.679517598686543,111.78486748679062,36.555132534511216,7.196552663714575,B1a
S0021,10.325982047782649,127.15223554945543,37.41552472098318,7.1860545876745245,B1a
S0022,11.65711349424579,130.70922245896935,26.704457946226395,7.295541824654125,B1a
S0023,9.504308942917653,100.31148092472826,26.51294534353427,7.816833520636927,B1a
S0024,10.305096906205568,113.57709294158309,28.382591686888208,7.506130564587265,B1a
S0025,10.09059393847379,95.19548235439439,23.481681356922458,8.469994433834398,B1a
S0026,9.341516838238665,96.13353571925829,27.342002294330975,9.111869837515954,B1a
S0027,10.85979104288867,118.07116539766825,30.000239295889667,8.631924510651885,B1a
S0028,10.252277065353438,93.60021545997627,27.182003712563372,9.729972212188642,B1a
S0029,11.803929606835906,122.21164580352976,27.59407429202437,7.324675810602395,B1a
S0030,9.082981206038706,92.90114869491991,32.938440876045995,8.918006065434948,B1a
S0031,9.276948268294596,75.55175773402081,26.44840778508785,8.11155341347029,B1a
S0032,11.587930614739005,106.78880496795846,25.61238674521601,9.21096454763033,B1a
S0033,12.194783340453784,125.79150721611484,28.88630917233416,8.739307441135962,B1a
S0034,9.408799293324869,113.6905077470521,38.5680539601351,8.616044754485195,B1a
S0035,9.657097985668434,98.83522747826028,31.109813744467708,8.601377733263622,B1a
S0036,12.240206551312788,126.85777173810254,31.806791135290347,8.104130717610781,B1a
S0037,10.137859477197212,106.32019031247933,30.37763796818119,9.958732817353456,B1a
S0038,12.834437212934953,134.2716434755597,29.238116987469834,7.644134013207065,B1a
S0039,8.809409459018564,109.78190934767386,30.310155825044983,7.069553432028373,B1a
S0040,10.06594476500984,129.2702602568852,44.64631604935082,7.56178584546266,B1a
S0041,10.428472864836198,127.47942949703479,37.67647636797902,6.366191374861202,B1a
S0042,11.794594448544458,113.42616755556158,28.941477408883728,8.439297580318833,B1a
S0043,10.174481888402415,104.81862927814058,33.90509239007717,7.55949839732945,B1a
S0044,10.899769445890218,124.22917573370933,38.221589876700165,9.937367613754763,B1a
S0045,11.913387874567213,119.204346412689,27.485294570512433,8.203277771910962,B1a
S0046,8.662399985402576,103.88488848955629,35.525375451894384,7.1805911924706205,B1a
S0047,8.96410866428073,74.37804914961481,18.798807897342112,9.73269598491816,B1a
S0048,11.168523670557935,120.17346323058695,38.03395054800242,8.177115335884624,B1a
S0049,11.780134927794961,99.93572105424926,27.137087889295564,10.321526065794517,B1a
S0050,8.575638713885356,67.2715783480512,15.781473435614643,7.91963032828141,B1a
S0051,10.749340155934856,115.39330438009031,22.271650155314987,8.431838403542168,B1a
S0052,10.327753496324721,94.80495555672384,27.560103458528634,10.024119904062356,B1a
S0053,11.425646354035376,135.4297119310254,35.38247185326026,7.793977390565169,B1a
S0054,11.443258585996464,140.41865784109183,28.92570422754142,7.579767244442542,B1a
S0055,11.052892782388154,116.91430901191536,35.18586602096164,7.86996306937172,B1a
S0056,10.499016614870683,112.80228250663572,32.67009754024221,8.547182133544952,B1a
S0057,9.932345665375863,77.72867530841759,20.975379728930463,9.662936330355194,B1a
S0058,10.309131771937226,79.36624574463767,15.345756539786759,8.083516281729805,B1a
S0059,9.364691100532655,102.94453955679128,39.54423630447091,8.09770910783765,B1a
S0060,8.991461175096434,99.4758060813894,27.696427134502073,9.063377274749193,B1a
S0061,10.9315352595775,99.82290810757529,19.379059760689145,8.441988611202403,B1a
S0062,12.073387373198564,117.03931664435144,21.8611958021265,8.904716308673095,B1a
S0063,12.147559983278382,112.59646964962926,17.92723432017458,9.460067344697494,B1a
S0064,10.125066114572762,116.75073697917635,29.607576648718116,7.439015585967668,B1a
S0065,9.130573044502034,85.04059481435044,30.655381677691476,7.913942833969044,B1a
S0066,10.986810655932755,117.09186343906731,37.4240540562237,8.105456156773291,B1a
S0067,11.81691148792778,117.59866930510825,27.921997997729456,8.732429571239289,B1a
S0068,12.516410355790802,131.44244096252476,31.236015883785296,7.7565911730140975,B1a
S0069,9.257831211713759,77.52137301766187,14.893778746310531,9.607461958544913,B1a
S0070,10.349955451292308,105.19697619839235,32.10607721376213,8.68731097740751,B1a
S0071,8.329549781364362,77.63480835467912,26.61505127202494,9.147469626661968,B1a
S0072,10.352038693920488,86.77583355695869,13.904496802064951,9.51773253931747,B1a
S0073,10.685321736450689,111.68281986312108,24.725708801886846,7.803991235711897,B1a
S0074,10.337868036113841,110.2548463659943,29.724574949744028,9.040523718735082,B1a
S0075,10.161173132524581,105.38373478388564,31.510145076859864,8.498628833540414,B1a
S0076,10.287174633988007,96.51985482367884,20.99946922273573,9.171438921602837,B1a
S0077,11.339820606086503,101.62234701310311,20.965328856801815,8.282878177165449,B1a
S0078,10.4001483617576,83.5740190783257,18.593661775738923,8.160811986586712,B1a
S0079,10.860892597832596,113.31301600703405,35.709933651558934,9.45729919289045,B1a
S0080,8.07487494289149,63.36173222050526,23.650453010706112,10.787298200161006,B1a
S0081,10.028780227435456,107.51273730354018,34.72909887755418,9.286642903333393,B1a
S0082,11.56702728682395,139.31530406668128,36.149471539932534,7.575826274501996,B1a
S0083,9.689328796094836,106.67158549256773,30.110308358698926,8.04105446414799,B1a
S0084,10.077195413498815,113.30988107730337,37.23668496252775,8.664387389382465,B1a
S0085,10.989458954438819,118.74993986148058,29.198062549739575,7.947101607701257,B1a
S0086,8.532017592189398,70.00462537491069,23.592164465282714,8.692946333193316,B1a
S0087,10.96441829822129,132.51287853990985,32.06535536646654,9.274255895092054,B1a
S0088,11.683061389092837,105.96558580985787,21.894947842522566,7.757744927440162,B1a
S0089,10.594713354578136,94.35331293601998,22.991300345065046,9.390451571536634,B1a
S0090,10.617598006990184,118.7977322661813,33.97378612264169,8.472630736063024,B1a
S0091,11.696647733536084,137.25063044369188,31.225051180416003,7.273248879529991,B1a
S0092,9.874478571762449,98.79068728696474,25.711021548203266,8.818155449178008,B1a
S0093,10.259054556772393,117.60390796441118,31.393370214291245,9.940229443073159,B1a
S0094,10.560250630322493,103.01475820373201,31.484106543419767,10.071029115892037,B1a
S0095,9.447092441039064,86.22554090843506,22.02250005837674,7.949894143139775,B1a
S0096,10.351286274469281,101.00393340395243,22.23035975983058,9.694825570662573,B1a
S0097,10.254423659149106,118.57258942346733,25.029733240923694,7.962823195949264,B1a
S0098,11.604826986681502,106.72610963138933,17.047297731479773,9.047538103444937,B1a
S0099,8.212058704384297,86.05923451083544,31.243975129699077,7.5443725413666165,B1a
S0100,10.288330303194098,107.26494480147004,29.33166070023687,8.673817755759776,B1a
S0101,24.52263608706924,117.51780686384751,36.40442315800581,13.5391358278249,B1b
S0102,23.592663728387535,95.41966338791988,19.343842838947367,14.926595316275352,B1b
S0103,24.736782818575605,96.88761088490904,36.61616503669253,15.828921303134006,B1b
S0104,24.656946780291573,108.69916120719608,33.58831799790197,14.3340636000592,B1b
S0105,22.12355068659692,94.02140015377068,30.354877140509288,14.332678585731436,B1b
S0106,16.770883076516988,73.52953648246834,19.284911800618588,16.146460863432267,B1b
S0107,23.94023006917869,124.45349306731984,42.57675656111985,15.384911832939629,B1b
S0108,21.7645261024839,99.48299046917933,38.39165647548695,15.29135258564547,B1b
S0109,18.011949992153895,72.99372896877642,26.256349463849162,14.734535882972331,B1b
S0110,23.3992546740789,115.39833521891558,31.938438847601912,13.949038219386734,B1b
S0111,23.770045310013003,101.96056482555912,33.47121175801675,11.797754509719676,B1b
S0112,21.09569171091732,94.30251087714548,40.50128299130479,15.43222511117598,B1b
S0113,20.295799748024614,64.74645446731549,16.910666883100625,17.601050435498088,B1b
S0114,27.888343969032583,131.30682866346098,29.875074169642918,14.086074705924617,B1b
S0115,19.50586592606834,92.74999826517937,41.76001217307075,14.686464843829013,B1b
S0116,20.73848528630863,99.95413859063758,34.16679528653244,12.321077719087409,B1b
S0117,22.737693763374605,82.29385911435295,25.235193798833127,17.258493072279492,B1b
S0118,26.701314737249735,124.90703918238718,29.120344704481337,14.665910647151682,B1b
S0119,29.586125181935216,134.00041045264138,35.815305683412554,15.375239127055313,B1b
S0120,19.298575786734727,69.89475884361008,33.35597621828057,15.383934938109295,B1b
S0121,23.077250744568428,108.85781417874244,46.672690096231044,14.415367284722088,B1b
S0122,22.439529041813884,109.08466414866655,43.5147309148737,14.586570025829715,B1b
S0123,23.667728655319472,112.84630178606429,39.81021276805912,15.346926504487282,B1b
S0124,21.488934186099915,89.27854169578615,25.168161359100033,16.60628389975996,B1b
S0125,20.87836768696176,84.7382795396356,34.74152928266258,16.55404008504442,B1b
S0126,22.233879854438552,87.00656921841181,31.775288897356553,18.62284985445045,B1b
S0127,25.456739405953826,125.365764501447,48.78687519535344,15.200499263540147,B1b
S0128,23.280017247706372,118.85717539342697,50.76656334291297,15.048389811902974,B1b
S0129,25.18990714146775,114.65405112951669,38.528579211702365,12.532536362717249,B1b
S0130,22.43388407235606,90.60524595161088,21.308978898286803,13.648209129910024,B1b
S0131,20.03827437838551,101.89509433709718,35.303814390921445,12.354823991930333,B1b
S0132,25.003270739226327,116.15708989482818,51.165571157054885,14.138986570092273,B1b
S0133,21.22013554799743,115.89109851289821,49.568124715201535,12.850162677464883,B1b
S0134,16.500502527972934,68.96416705682185,34.719380176696056,15.088093852206402,B1b
S0135,21.172120104670398,96.75351424445101,30.665305390701178,12.554470814400052,B1b
S0136,26.085761663469196,134.69711621930597,36.619302663685005,11.657090633580253,B1b
S0137,23.511322002494097,94.09383514445265,29.12109777731698,14.563853841869218,B1b
S0138,18.517591032610262,100.8930827170553,45.86437335084465,12.575995519681143,B1b
S0139,14.625513799359762,75.66319487203742,33.848155275255195,14.698822111680254,B1b
S0140,29.892413577609183,131.91578014947083,39.58431341248303,13.707891646757988,B1b
S0141,21.430614764925394,101.63887808906445,44.815055992533814,14.234280237813907,B1b
S0142,25.155966709938006,99.76082885676493,28.134337632406325,17.168211740741967,B1b
S0143,27.753295040532816,136.4298740168267,42.68847163167502,12.438085315915732,B1b
S0144,21.96907404932752,80.33300185487103,25.688235084832257,15.94608576454888,B1b
S0145,20.98629047913241,108.9469798847208,43.591043812156485,11.900863909845606,B1b
S0146,19.336523743274768,96.76859888380574,42.630434743736245,13.432897885525444,B1b
S0147,31.22257495393604,145.92218687730383,39.84843610452821,13.62650386268905,B1b
S0148,22.474607857501983,126.02607080043892,44.32784953184615,13.278413773142612,B1b
S0149,20.12228355114521,72.93425653602392,28.222730829164952,14.736294580245064,B1b
S0150,17.5464328413314,65.34545100411171,41.09268527401233,15.93277384435551,B1b
S0151,23.228947750781273,99.4901139429261,34.54885892315148,14.251525282974088,B1b
S0152,24.28064075577962,112.46814867332525,24.33827908738003,10.61178826892006,B1b
S0153,25.482126706260573,118.52063379846439,41.16316844071801,13.51380804154355,B1b
S0154,23.799530532937393,121.86728372247676,35.99034714915226,13.869062998143562,B1b
S0155,22.997303330330116,100.58006854998817,27.94880853758381,13.203839886867584,B1b
S0156,19.463369985657902,66.92548194283277,15.78310186107533,15.588592893456198,B1b
S0157,18.882392641168373,94.2673387000206,51.23507790920694,14.603313018431738,B1b
S0158,25.09613479143838,109.03119553237892,27.157185100500136,15.477929233325707,B1b
S0159,16.67872186776258,72.1779370538666,39.174454374380275,17.804215187390135,B1b
S0160,24.554185354613406,113.51498196963902,46.402902863214734,15.06249322858409,B1b
S0161,18.81581546907187,78.90727310851055,36.08393782116771,15.377273078374472,B1b
S0162,25.851447304234924,135.9803994931578,51.62066798439717,14.807126187528038,B1b
S0163,21.550350619063526,89.52460282463812,29.32733437457296,13.556503011212026,B1b
S0164,17.795624532008866,90.18886806054441,41.88168914864007,12.323055842023557,B1b
S0165,21.58480711853193,82.62709304724663,21.233239770337097,17.47191863820345,B1b
S0166,21.001991863654148,93.34092588967985,18.522578135844334,14.201090372262366,B1b
S0167,20.066319437591602,99.82418816893158,41.91262032338712,11.358110475231896,B1b
S0168,19.0235559514783,82.30075867034287,29.954166673716458,14.486901872211334,B1b
S0169,22.502770801797098,118.94425307673578,45.07862254450673,14.609079891149092,B1b
S0170,18.63884068752811,87.9667388099597,40.801852533822945,12.361647980264188,B1b
S0171,22.3440137015534,103.54545401954687,34.53272747221884,14.861467223289043,B1b
S0172,23.180847752524244,79.33350390664377,22.835406439517868,18.41366788834938,B1b
S0173,18.896860368947447,97.78700797570903,51.634601475948756,14.006731695361475,B1b
S0174,14.20634695538424,66.23506391842834,40.93839664064668,14.893138227978413,B1b
S0175,25.18143815704508,115.39134505306438,33.2640436571355,11.78840674823126,B1b
S0176,23.68952577260482,130.11188108830706,39.21275870296088,11.956169068421508,B1b
S0177,17.266856092279717,80.02205869087071,39.420470212279135,15.632842925241622,B1b
S0178,21.44899011289656,98.37254958089358,27.16761305265252,16.129370374154593,B1b
S0179,15.318562576978302,69.53124968736034,33.54400445426358,15.201051566862741,B1b
S0180,19.037517833941514,99.47990584659162,41.41981850008977,15.568236260715974,B1b
S0181,22.991812111568375,103.2008549275007,30.965041454527338,12.983487229917461,B1b
S0182,24.62466794939857,117.39238461030507,39.69361619595799,11.559942039799004,B1b
S0183,23.651126398639505,105.5733361553238,39.79825042086659,14.982008602419938,B1b
S0184,14.753491019803056,79.32448893025801,36.66601562156662,15.15743813614679,B1b
S0185,17.583678971455768,69.06637190025518,16.174678364825088,13.270021333768032,B1b
S0186,25.001061878088823,124.94328746905583,35.01264657612866,11.859981325650196,B1b
S0187,23.581161057889013,121.71551462351162,43.223046054264174,12.77104501223332,B1b
S0188,21.964066658503192,89.48412023284925,28.35669447833991,14.046526994496972,B1b
S0189,22.323985086813796,99.02299523666531,35.747809224439585,14.079795716091919,B1b
S0190,15.392268407912423,61.76355842104525,27.237002055067606,13.967492232602577,B1b
S0191,22.532292719693483,113.99369110530489,33.77880061844423,13.747579322138417,B1b
S0192,25.979733887403032,149.9560623230596,49.116585464195026,13.899560369319019,B1b
S0193,18.32560110690197,91.69259983442913,32.41810904369838,16.362546723241238,B1b
S0194,25.216591943954143,123.389682268066,25.295294945952232,15.859717703606567,B1b
S0195,16.98888534678637,82.05425333645985,33.052511251894465,12.589816973756317,B1b
S0196,26.875560173156497,131.34893255624695,40.77936809426933,13.794030150610732,B1b
S0197,20.014913400037276,78.37965176410222,23.163639699015924,12.844924557041464,B1b
S0198,21.271871019284088,90.39549169028962,25.442217240224142,15.386659237355161,B1b
S0199,22.065439798072145,103.75830951297331,38.79309216422129,13.514061621755978,B1b
S0200,23.22879981581411,88.93292785191876,26.834108570942487,15.986664479387438,B1b
S0201,5.7411267134117505,59.82008834877449,31.12640781393257,11.652545280980029,B1c
S0202,6.424927188155987,52.92237521479659,26.368492021788406,9.16642338774643,B1c
S0203,15.526234454275887,108.98996444464551,39.92628243656589,7.182834750051062,B1c
S0204,9.246216954737774,82.9526412916996,38.32869923962477,5.434583141860528,B1c
S0205,10.136120315118681,89.67447071536256,41.348125339956766,8.387209839264736,B1c
S0206,11.296226286556035,71.77498847518379,36.71782462053031,8.409890070696791,B1c
S0207,6.9327938183208735,72.2164900331417,47.54040708106045,9.014533779387822,B1c
S0208,20.935245437018104,119.73797845504714,19.979529883601323,3.896612263125144,B1c
S0209,15.97962965186928,105.8810320424137,36.40273332041528,6.371127111530938,B1c
S0210,9.003230870943298,69.16361936893628,27.88923905510095,4.503918412307552,B1c
S0211,16.213647036522357,112.33048782739398,39.40297668263873,2.5742986911968084,B1c
S0212,14.028306401850124,88.77783878081507,38.730629372785224,3.5480949885226503,B1c
S0213,12.955199058126425,94.4741520914783,46.01527282383581,8.29799677614753,B1c
S0214,14.415255609010575,119.57325091823635,54.959219538367194,0.5172616692576906,B1c
S0215,4.28915957850203,71.3642962797409,32.35436048758387,6.795075425833307,B1c
S0216,11.654821781224694,76.13664493423292,40.98964901224668,8.746988154878528,B1c
S0217,14.341432549652396,86.30931442119636,44.95970482219796,7.438657657839688,B1c
S0218,14.825631471300834,114.0723383945132,45.28648303202255,6.2782637745656995,B1c
S0219,10.294706383006256,69.65645212147722,26.42148089128706,10.169514322482607,B1c
S0220,13.516195487648364,95.19188091275579,45.49908757214103,4.04068627359492,B1c
S0221,8.83797936305817,65.2420627550718,23.479582981958007,4.4275390014617475,B1c
S0222,15.970555506128854,105.40670382419226,35.42468612633687,2.523319096270413,B1c
S0223,11.966907524779613,98.7727506743476,44.72682497554036,5.872183154383442,B1c
S0224,18.9469631744625,127.00209070844663,59.76785775416962,3.8055440501087405,B1c
S0225,11.161281342162791,70.23600210252906,27.912589163737906,4.617362354903656,B1c
S0226,16.51139108641678,90.20614239311756,27.749886077700427,10.65065485338673,B1c
S0227,19.659353041764415,113.1930194172229,44.68993233469848,6.073867969970393,B1c
S0228,17.434509395403065,113.87669908467474,41.8714518563845,6.278958571574907,B1c
S0229,11.30674433442712,84.08452804474099,36.18610933270119,11.449337232747553,B1c
S0230,5.754155217906171,77.69421028974149,42.35138535674453,3.0108180266962523,B1c
S0231,13.354734675908624,86.11974655549506,35.74788463796561,6.985019258925032,B1c
S0232,8.614440382320403,72.95670466252517,39.253054876773064,8.98522385929847,B1c
S0233,4.366515934934635,71.26869588752587,38.35302921147976,2.6508347778869124,B1c
S0234,10.795808216994383,87.46423078041563,43.54307240819503,10.896971812156098,B1c
S0235,7.04533231305511,71.08527951214026,40.81538657371232,5.537402335544639,B1c
S0236,12.348653322845898,111.30144513157246,54.292568779916806,7.12617015035408,B1c
S0237,19.7156189540624,106.85823584822427,40.2016107332365,11.858570367122692,B1c
S0238,11.29046315948197,83.15888915612287,33.99631959073893,3.7798634168638032,B1c
S0239,10.207760598926281,81.25309136607078,35.705196395682,8.417394346133133,B1c
S0240,24.9835089418544,129.16968348749526,19.79814813287347,6.064579188535094,B1c
S0241,16.6641169226209,128.59872667850445,41.79960585568371,0.5551586295963107,B1c
S0242,18.228018286659697,127.71290015053209,38.97313114089416,5.029262812518914,B1c
S0243,15.74524342996453,90.45357905182082,44.56833989676012,14.613202292323853,B1c
S0244,7.750722256913951,75.6646249946616,31.902117579308122,8.809192860671216,B1c
S0245,11.88418188085788,101.54023123253234,44.18449375756394,6.190864770645315,B1c
S0246,12.937172624202804,102.90580375510501,40.586720650376286,7.048423729006092,B1c
S0247,18.770945091330088,122.71111714062484,35.396357242436515,9.960334261736893,B1c
S0248,10.069644242469314,71.87308249156956,32.47256410055336,9.361254244974056,B1c
S0249,18.266874556234292,115.97221366987011,38.50613281708975,6.581660304873477,B1c
S0250,11.140623960750016,95.31837387086897,41.82457700718173,2.3186048454381343,B1c
S0251,19.39595021236059,120.24942896412408,44.95618396719824,7.596590743678865,B1c
S0252,14.389979635101579,69.06456008596201,26.0337478807974,12.203363815786659,B1c
S0253,13.242668057962248,94.48169770857186,33.18179643304306,4.452307953261364,B1c
S0254,8.562670679345361,75.89879339949876,44.151614023703054,1.7027270157352614,B1c
S0255,18.874280089183454,120.43870618238113,38.29607414719504,7.069709437325141,B1c
S0256,18.835150684507095,130.55360605258315,34.054641486173594,6.602687171537388,B1c
S0257,20.82088555252637,97.17361962967959,22.720059777204096,6.78169040213704,B1c
S0258,12.675507789180706,91.77024277530248,40.146719481617,8.506015570573581,B1c
S0259,11.87059242959268,70.65968765957462,24.938239448455203,11.003953279796313,B1c
S0260,12.285627735237346,87.24028417005589,37.86858861664913,7.4747934323242315,B1c
S0261,13.45504505140089,92.95614938018244,31.576923754317914,8.384490836793868,B1c
S0262,13.452811485802753,114.6550690386609,37.991982659223346,6.0619712843235964,B1c
S0263,10.920342155784066,87.15491164996641,40.10784332230556,3.9795818005119563,B1c
S0264,10.958880325184268,83.76642809873076,38.1863054753247,10.092743585818388,B1c
S0265,11.040610344849213,84.72791344355271,41.199475474352376,7.562811835013202,B1c
S0266,12.181961016128032,104.93771181845396,38.21009466070557,-2.149010719286437,B1c
S0267,7.289580545538916,74.78709029265049,38.42850014764339,8.214175342810087,B1c
S0268,21.360481457673984,135.53009202801348,57.69823756453229,9.292276795795974,B1c
S0269,15.165617008503666,104.28775024659198,43.11132567578978,9.316913791005426,B1c
S0270,9.379190934493678,80.67203464253275,39.003355982301684,2.5595998990204443,B1c
S0271,9.866100426715475,73.55060939408398,35.462761625591284,5.88803244311732,B1c
S0272,10.275430603539968,83.9900211002131,28.786113786081096,6.754415622231477,B1c
S0273,-0.03766263127052305,63.2824120122372,41.470546126254305,7.320556938902302,B1c
S0274,8.872195138475636,104.64313666069853,52.189860129045975,2.4133166971802194,B1c
S0275,10.831888726920084,84.19230639204845,34.488779061006184,11.308857065834562,B1c
S0276,6.363383860411857,85.22035570283464,52.28369602562532,2.8604423477928247,B1c
S0277,12.053928892602292,95.00970073669855,44.38140553062339,8.55980759222597,B1c
S0278,12.04399955198478,67.02994496000801,27.992190451038518,7.094064068426987,B1c
S0279,9.12169472019637,79.57523207946552,37.93868146292012,7.212268423084177,B1c
S0280,14.265129873717093,115.61483558406447,40.206860995857625,4.7974169380297464,B1c
S0281,8.368933732111367,81.81747531202451,35.23120724759448,3.876431554072292,B1c
S0282,7.205211466656925,81.1004936085751,37.59181143514602,1.0418173287777481,B1c
S0283,13.801487330666477,77.7454566793462,25.676567162544693,11.40636076015015,B1c
S0284,13.301526080913275,82.92577121563238,35.042336006353715,1.2583985291719637,B1c
S0285,8.009118160706523,69.3760642457386,38.84015799880698,9.955649975849653,B1c
S0286,13.726011758920013,95.62028594234822,33.983681390985396,0.979213077008886,B1c
S0287,11.708753803127689,103.65404253631672,24.453863647470733,0.18401537870491058,B1c
S0288,11.450667679599697,86.3148764778422,39.01324555308555,8.348599111922788,B1c
S0289,0.9022780504209909,73.02316343589105,50.284880245666294,6.7303720347946925,B1c
S0290,15.568269229196169,104.30545200773487,47.90230357794155,11.036679074772128,B1c
S0291,7.823069190205846,85.13117628695608,33.37558626475696,5.855841841949049,B1c
S0292,14.020399772870743,79.53018780463734,20.789934732584403,8.047140365772991,B1c
S0293,12.749026282288046,99.93972827454222,51.2131390508777,6.294062924827871,B1c
S0294,9.327598156594416,97.5263789530339,39.23856168621783,4.667968781877028,B1c
S0295,10.12127657207439,45.75104407422872,19.8588223776788,9.864263643496004,B1c
S0296,10.65489974451072,99.24923219706051,46.62289848190235,7.06697110174599,B1c
S0297,14.735350449868507,115.62239428776886,37.20488571669878,2.1435584416320426,B1c
S0298,15.80520462788703,131.9746834217128,56.410027847457805,4.577255393065476,B1c
S0299,9.927209475555228,95.33402544711657,43.079880317691895,7.056131909840517,B1c
S0300,10.824470689615564,89.98455653077156,39.183629514384776,4.873396712654183,B1c
S0301,14.463205110829598,125.69952892343616,44.157147475358556,18.566460803874524,B1d
S0302,8.532854374398596,87.13230246447063,31.526221740513677,18.72242327843907,B1d
S0303,9.3433098718501,77.42951204803794,23.238250137549507,18.954909526134024,B1d
S0304,12.298792370356049,91.67775620356566,30.913285078350142,18.76715082746653,B1d
S0305,8.208328572686925,78.64858969211966,34.285402301823225,19.069832569241072,B1d
S0306,13.65564981510462,117.08297106414282,39.505894754432596,19.085820460859498,B1d
S0307,12.200020459923863,93.38954306540751,30.159965683848196,18.93046600086644,B1d
S0308,14.565100405389389,105.88183995196357,34.65695404053947,18.731833749283677,B1d
S0309,16.580425690364414,122.6895617607704,36.787137818810514,18.914620065429705,B1d
S0310,11.676640998873703,107.15592072510671,40.8304769751635,18.52388773357543,B1d
S0311,8.156724902781416,74.48499660553686,32.781970659192794,19.0199634600708,B1d
S0312,9.849206774639455,73.4979352639372,22.676223480414244,18.915127899639522,B1d
S0313,15.338936714222072,105.72063022730771,30.621378518131174,18.72701576945784,B1d
S0314,12.187082519594755,92.18668404438186,38.293043583837985,18.74902268576568,B1d
S0315,4.1682282128995585,75.26902165321945,42.008332823076074,18.56450658644754,B1d
S0316,5.329224123430096,57.28781276664991,30.302493750067228,19.077244879031632,B1d
S0317,14.569822659945604,125.3349028347786,50.46947011130424,18.577210381790753,B1d
S0318,9.095221986575336,92.09228861250895,42.37678670254415,18.775518738333872,B1d
S0319,17.848892905773432,122.95874695547373,36.11333513959915,18.75438254747737,B1d
S0320,13.980303462062464,116.3972368044659,33.31591220000423,18.93071698741095,B1d
S0321,4.931145450951084,80.82620655942765,34.240170396560075,18.671501319415356,B1d
S0322,5.81597370156821,74.83678645735793,32.18673644987383,18.62457933980663,B1d
S0323,10.172204721493339,87.66348551381135,36.09383229734999,18.724984817796283,B1d
S0324,14.41164183163102,108.09731676024678,35.0632603562096,18.564767769500417,B1d
S0325,14.910899255492648,116.44862337446784,29.91637052278908,19.030621544601605,B1d
S0326,5.276637546534946,89.23385923920651,51.259200081736594,18.821601847653216,B1d
S0327,4.5776500546712615,87.77538572972111,42.66285786146882,18.538851437748118,B1d
S0328,10.161979328852619,88.76990993771084,31.06023112815151,19.08025707367401,B1d
S0329,10.5304621519938,88.57723828816447,35.70619686239253,18.91545124272172,B1d
S0330,4.711675791691294,52.50065466326756,35.38270421912052,19.101342675226853,B1d
S0331,12.088554517676501,94.62996106613501,32.976154724145104,18.901755013888085,B1d
S0332,8.095968104831895,64.47156960396183,24.27810560372975,18.96835342335799,B1d
S0333,9.851722354311693,89.49986249319856,32.062711915233145,18.677454645737964,B1d
S0334,5.296998590506931,56.84259725883507,33.715155822334395,18.770110497320037,B1d
S0335,6.74202022352433,76.7994625632326,42.95118785147802,18.742871599427772,B1d
S0336,11.008840501160703,89.26370866797276,27.566366036794697,18.990595158985407,B1d
S0337,9.553306518889325,102.32997707053596,43.27058899635857,18.796353415963395,B1d
S0338,6.30276399497478,69.72472871921082,34.310976929639146,18.747806401995522,B1d
S0339,14.406238787551354,117.9528763318661,41.77245352611931,18.58737343397164,B1d
S0340,4.53386302756025,54.321230420928565,31.68621821726751,18.530977563835542,B1d
S0341,8.746704144784745,73.41452300524486,41.02567136455554,19.007818784222607,B1d
S0342,9.395680076399833,66.61181497724064,32.10886684299836,18.966084162838325,B1d
S0343,5.553454810101366,94.86317235248038,52.63473208842074,18.53867037261824,B1d
S0344,12.16690879779491,114.52125337222196,36.845665645592696,18.925136368715677,B1d
S0345,16.147687778910928,147.99072301141194,46.589469443375215,18.41917282971846,B1d
S0346,15.514276412044678,130.83728549402747,37.84681473636989,18.740013861804567,B1d
S0347,9.839982922788447,68.99280878758174,25.70404271346746,18.751868881267566,B1d
S0348,16.997424643687097,94.70133781253624,31.675410363778077,19.255909861398568,B1d
S0349,18.08698640620974,131.8424306283612,46.47884108412384,18.705356208956534,B1d
S0350,11.329826622788245,108.06887020720217,43.46984149619368,18.58558308610131,B1d
S0351,14.21573116138515,114.49121505581911,37.495610996974754,18.99113056611407,B1d
S0352,10.861587647263367,92.95280588244601,39.53671890698077,18.83696605098639,B1d
S0353,9.167928313351316,83.9535528727211,34.24857882387656,18.684124917231017,B1d
S0354,15.860107471986579,132.8273117608604,54.230308429984674,18.89690262863515,B1d
S0355,6.953050183837645,81.71669605490386,39.505296676367266,18.81042063681542,B1d
S0356,13.744176672126468,105.81422575698645,47.66381320685093,18.890351960625,B1d
S0357,7.563317914184562,85.57872221922017,41.195456521392806,18.9176607748919,B1d
S0358,16.575866442259883,128.73806914332894,42.540436313740145,19.2482050782412,B1d
S0359,12.888262131485869,112.67943322310055,42.28716566911201,18.773016435564198,B1d
S0360,9.213481682011222,100.27919141356062,44.60596882523924,18.60441556989167,B1d
S0361,6.937124347065959,73.39564993772007,41.72297773726285,18.82942436700756,B1d
S0362,7.642892301352049,103.873538883864,46.42038406661367,18.918184144585588,B1d
S0363,8.927007836414173,96.99179543583159,37.90124072219503,18.38566282266347,B1d
S0364,18.761505242657538,144.258732346482,45.30904329918256,18.611716605568056,B1d
S0365,10.872398409230543,97.19765864822182,38.2421740879561,18.84397050878399,B1d
S0366,6.5617261043384145,76.55646663479482,31.773490624457132,18.868831306926484,B1d
S0367,7.356239631450107,93.05445459448629,36.14737142435652,18.795636265017063,B1d
S0368,11.110508984817981,113.77605500250705,50.460605879080305,18.637660080070845,B1d
S0369,5.4161657185285845,76.2394934486351,46.724715285828744,18.82085063105328,B1d
S0370,9.15792072242219,88.98187905315541,32.31797010578599,18.776963361760203,B1d
S0371,12.879854349350573,114.04194569502341,34.6356019145082,18.714398236800537,B1d
S0372,9.741738360301174,111.91051570564863,35.77967693848526,18.639633491448475,B1d
S0373,10.203169174994514,96.3508402893071,39.98527796803862,19.138597170558633,B1d
S0374,18.041976558632538,140.12042013212482,35.675187512549236,18.677674622072526,B1d
S0375,14.781776733914775,107.62594024628457,30.91048440119608,18.678546201514404,B1d
S0376,11.018268508624324,89.70118360112764,32.187087428621325,18.795357994863235,B1d
S0377,11.509804862418319,107.54774285600418,38.620720755524985,18.70459616605291,B1d
S0378,8.003410205744974,76.50850806422824,36.37274090614066,18.857457600898464,B1d
S0379,6.414551106952169,80.4517391403755,34.98116960620601,18.67513212149739,B1d
S0380,7.603140800950551,91.56467460228093,36.985226885531475,18.662088821166655,B1d
S0381,15.332838011007347,106.04445396793291,32.31784594135515,19.333445141455936,B1d
S0382,17.598858521450335,122.63345237727812,40.09322375824049,18.905411960223446,B1d
S0383,9.776093717137117,95.4209768725333,46.56477415297635,18.628947115380424,B1d
S0384,16.010003818720946,120.74433918761679,39.22479982086202,18.792808846327205,B1d
S0385,6.946682717958653,65.15512622066178,34.8280538340894,19.128724965836035,B1d
S0386,15.703628277840796,110.7631319496783,29.702743137175588,18.947548045375672,B1d
S0387,18.845148323829406,114.84830815209358,36.930871075680976,19.051942056524258,B1d
S0388,3.2323628222091862,43.774424890349216,31.06608285112316,18.747056448624402,B1d
S0389,9.662687210581234,103.98952842054129,50.87272097367737,18.843562497905356,B1d
S0390,8.245315801090953,105.22544638195394,42.65011921370837,18.643745853247246,B1d
S0391,15.843114469670276,130.9565760907426,47.929235219326785,18.84837306270639,B1d
S0392,8.491961645633303,86.45526073435748,32.42166276107275,18.817989733428323,B1d
S0393,13.33664210731034,103.78072621769687,33.273965469979075,18.835904941955743,B1d
S0394,13.498900093988455,131.1376202955423,46.62544519188043,18.58733639578276,B1d
S0395,9.556339971096378,103.03101495334118,36.76346205759798,18.674257963758812,B1d
S0396,8.869546146074086,70.16700022093141,36.33974196941648,19.036650677405646,B1d
S0397,9.037147095549406,88.83776872299956,44.39201963329967,18.74871111856928,B1d
S0398,11.597130363422947,79.54578886058093,20.774927661584854,18.723584114542938,B1d
S0399,13.007722012407077,109.95397137022428,32.094885565712126,18.990222654880846,B1d
S0400,15.98617155737632,109.56317565229722,39.36420789785212,18.699008031131285,B1d
S0401,14.628996412990322,117.72145892381161,28.872082876233314,17.028551945433605,B1e
S0402,13.127135782671461,93.9249859828873,26.788094021858477,16.490722423770933,B1e
S0403,14.693435855051412,111.2776573728031,33.21557011575928,17.39603905659239,B1e
S0404,11.115699198983448,74.38006004075304,24.92072255360897,18.902209053874103,B1e
S0405,9.665736737219262,59.65749373841967,28.329684616095662,18.789936714124345,B1e
S0406,12.441324056111567,73.12377998298878,27.691439473175564,17.91842130691777,B1e
S0407,12.517353646652746,80.16170779031833,13.517398313450762,15.356516228522356,B1e
S0408,11.69429606298898,75.74907953243682,15.347779791812885,17.985434409006196,B1e
S0409,14.123660607659769,134.93759379801142,38.76487683862716,16.165684420668455,B1e
S0410,13.096874117113606,105.91322428022946,33.12976321777924,16.736477812366932,B1e
S0411,12.818763215089701,85.77830253844353,25.633010661953243,18.114023643223593,B1e
S0412,13.94894308007175,84.12836718076649,15.82504454598622,17.699002594360834,B1e
S0413,12.699394706911294,102.12729133002333,24.82593495974729,15.274314358005231,B1e
S0414,14.876439081235851,112.330625075602,18.594505193702936,17.112623587837152,B1e
S0415,12.47854606607777,93.43507651384975,18.467942404207278,15.40547544680305,B1e
S0416,10.429251622151684,53.739254051048185,22.558562562134206,18.116821544558803,B1e
S0417,13.710107618477085,121.5030691346501,30.442948179756655,16.491307041243974,B1e
S0418,12.933567895990215,97.11116247028521,25.946033282589774,16.039470763683138,B1e
S0419,14.695199549338074,129.0780522049539,32.447971153393325,14.482268118945838,B1e
S0420,13.538240293680595,92.56504597787219,16.674352984155743,17.517323410087013,B1e
S0421,13.095063328645589,108.11698520243215,38.79057981199857,16.04999648813612,B1e
S0422,11.048951804534395,60.90048075967855,17.650948606028923,17.287215152458177,B1e
S0423,11.048643048011657,93.12032646098052,42.25901616532414,17.154829486085386,B1e
S0424,9.23874209563635,56.86426819697962,21.78706028864854,14.597212647056141,B1e
S0425,11.845724941054163,84.32587221004464,32.60514194173512,18.99813940130353,B1e
S0426,12.918545155108479,76.99140715825897,24.599757521528986,18.78538351819803,B1e
S0427,10.07572690257213,92.11710903172236,37.93831862795587,13.827745128967655,B1e
S0428,10.259750351681621,62.10956548215606,27.753386268053617,18.312398194689653,B1e
S0429,13.247975051724117,66.71842220478189,13.662079194008417,19.969861842321958,B1e
S0430,11.132325393015824,81.99359217612067,33.95984840979633,18.40584064649906,B1e
S0431,11.461824634364682,71.02637133242611,25.854056047360107,16.405997849407,B1e
S0432,12.965794321214215,91.09522372141356,26.903252731766287,19.04749551616112,B1e
S0433,8.522953345985265,71.38492933893676,34.91129774742361,14.625852772749548,B1e
S0434,11.10476022121825,83.93176271810243,36.26803999331464,17.348037281971266,B1e
S0435,12.453940560129611,85.21648347909712,32.941748176421974,16.31469296391507,B1e
S0436,13.43557148315412,91.91845024033488,20.03845783858981,15.465829244102695,B1e
S0437,11.373578562823882,75.69826155425764,18.62483560378088,17.209367131740052,B1e
S0438,11.205839908720078,58.153543583523586,27.293685848618132,17.28028112522026,B1e
S0439,13.601449764729555,80.78212411172206,22.54952745881723,17.07603250003675,B1e
S0440,13.45834157342499,112.292012032963,20.417551328998627,15.915805474557404,B1e
S0441,11.919036868195947,66.40208470395869,27.863196373023378,18.635573324236038,B1e
S0442,13.435143119176942,123.47418602012888,28.01128138696657,15.217647108934688,B1e
S0443,12.061206457360594,80.0864057655634,26.60577431791108,16.70954480301776,B1e
S0444,11.693932792649289,88.49852042504361,33.97277966338291,15.826717292151763,B1e
S0445,12.40713601376731,88.78925637403171,26.19571341805838,16.230841795639414,B1e
S0446,11.907439911336,78.29415139605169,20.708337982905768,18.229871219587686,B1e
S0447,11.508376794402533,54.2736938477549,11.527860294285173,18.27056764676667,B1e
S0448,12.493204977633386,75.88462217509354,24.564838423353635,17.806807293919,B1e
S0449,14.996756075869905,120.74663576686093,27.666415732115365,16.3386202899064,B1e
S0450,13.346348213386078,99.81579949638854,25.78832442494002,16.855810307371026,B1e
S0451,14.24842566209066,117.11626214843362,35.65259241756746,16.899529827722247,B1e
S0452,11.99993759624316,77.54516028355259,19.684010925676553,16.71588077856375,B1e
S0453,11.928687503368526,72.57048608107193,30.824174181756455,16.264980742381766,B1e
S0454,10.06721952264692,72.44741879541273,28.27700157675659,15.755292141746047,B1e
S0455,8.473436685137393,39.1923747266902,16.85442784309943,17.283383887534864,B1e
S0456,15.20516751705568,127.09447037196995,36.396720423102295,15.918994076736096,B1e
S0457,15.82529820733059,105.85878283630915,17.271898210972495,19.09443955335628,B1e
S0458,11.738850171293937,72.36984408949519,19.88822101663595,17.851312445998133,B1e
S0459,14.679145121712061,122.48409914706585,36.06314405355194,15.155215957016026,B1e
S0460,11.955800708360833,90.5160182892819,34.575767371988505,15.294442061822474,B1e
S0461,15.57739152237212,141.64097060625463,40.168447250316774,15.799468120552913,B1e
S0462,13.229297813182908,103.15390081365638,39.433513224878226,17.775931348376027,B1e
S0463,13.793810330768935,92.68169541697131,21.4331003980523,18.183529245405417,B1e
S0464,14.698586344997917,98.07917886071765,24.48330713260539,17.39670788552407,B1e
S0465,13.139821457517021,90.10732007896699,20.581442706303925,17.881791455747155,B1e
S0466,13.019760247152172,102.204132062913,28.947500917459724,15.601770319813957,B1e
S0467,9.425276078429151,56.09839606171692,25.09985862803762,15.314701499213097,B1e
S0468,12.158120070832458,72.55596738792327,20.771358611098158,17.138645499925705,B1e
S0469,13.768136754873227,87.97691189411864,24.187055748472147,19.199028720978294,B1e
S0470,14.476921216450535,119.1075080359552,30.987070885806677,16.89577101649272,B1e
S0471,13.19473287831514,90.96767592639303,18.528283697819347,15.413567176558296,B1e
S0472,13.788667666364617,90.81274722841216,30.68175103226509,16.599850055240402,B1e
S0473,11.097971627955927,78.95346174737483,43.149922088949765,17.887810895636783,B1e
S0474,13.16756339665677,100.58756816586337,36.055883492606014,15.618552342775887,B1e
S0475,11.922971183107403,75.84759219139822,22.506620942379186,16.197975742808843,B1e
S0476,11.566045646954352,77.80354508158585,29.255945150538274,15.404442381575869,B1e
S0477,10.692451565525033,74.27226139662798,40.74016488465813,15.780512305536737,B1e
S0478,15.056356721590815,105.34604289984092,22.522014656280316,17.747468518760815,B1e
S0479,14.669897692570943,111.75599843354318,19.812797928321736,12.489219689119423,B1e
S0480,15.837300213768653,110.76979420118136,19.437477538736616,17.36893553236586,B1e
S0481,13.622038240977265,85.80234849368114,23.843591800100416,18.16452671797161,B1e
S0482,13.640768305666867,123.97302365410869,36.500874772061266,16.209158794799812,B1e
S0483,10.053932674681123,44.680881875202076,9.876683733150468,19.02754196097867,B1e
S0484,13.918720577101405,94.56020508270021,26.492682375819243,18.530811366658977,B1e
S0485,10.464724488861089,92.2719823752626,35.97051637723719,14.281930957419819,B1e
S0486,14.046710417447349,106.64277029788866,22.92719759157322,17.24716667076458,B1e
S0487,14.491944573368002,92.75391296598131,19.290873189149792,15.994523157028755,B1e
S0488,13.028246633292378,103.73188874845764,29.192239013635245,15.460299513098954,B1e
S0489,14.329435970052456,114.0220960368274,17.011079631383474,13.591052732532946,B1e
S0490,10.026963809090011,51.525100990624175,24.498825186376102,15.552399873350687,B1e
S0491,10.539982769840183,67.19719657801161,26.374837517195207,17.75089203968678,B1e
S0492,11.849595569551356,96.82367526896975,31.355484731889735,17.72968864240664,B1e
S0493,8.538074785027897,30.04631304529518,28.093808061754498,17.755349229878625,B1e
S0494,12.660919949175282,86.43100985155463,29.628080460764174,15.107063541692607,B1e
S0495,11.604113879301512,72.38346805517784,19.153825570109348,16.87426907259726,B1e
S0496,13.361444146179899,103.67612552961187,41.37331932084449,17.49138130830189,B1e
S0497,14.175217305522253,95.15210809715845,30.688946110695937,17.47184324737236,B1e
S0498,15.032630043192654,150.2370040668254,48.84901375660654,16.44583262420541,B1e
S0499,13.508928134981064,103.10655450420768,28.799608478744055,17.30500180909265,B1e
S0500,14.118670317159554,99.40514988779273,17.961379272010955,19.386452172165733,B1e
S0501,17.004201300467415,105.93645934613333,31.87232998398296,8.959108407347149,B1f
S0502,17.73306625300455,105.55881281665224,35.962325873322804,6.889588135281122,B1f
S0503,15.632263885094458,77.98275804182585,31.163208021091677,11.30401699490001,B1f
S0504,19.748726309718748,112.80106765145183,37.55964901729761,18.376931395684387,B1f
S0505,14.91493201224364,92.64778492018601,32.74671271202355,7.401504402204804,B1f
S0506,13.618372731338827,78.79098747749714,23.332999300120534,8.22087659353774,B1f
S0507,20.4094994259999,133.48189699904702,45.62042403843412,7.2227522956587,B1f
S0508,19.08255664832039,135.5364490537493,47.01993814636737,2.6564681844860427,B1f
S0509,16.588185986402767,94.66816176434754,28.017315809771738,6.389698624078857,B1f
S0510,13.951166142376573,83.59066469873581,38.430143537987554,15.822430374804043,B1f
S0511,14.735280464868495,84.8149383131936,28.200330587482693,10.84218762458241,B1f
S0512,16.930022504138734,96.85106981801233,37.01709969857096,12.223781027796203,B1f
S0513,17.105061373428214,116.79985259910504,30.141960270002507,12.176971276836703,B1f
S0514,18.527222701685652,120.61770047600727,34.665551154210476,-0.8192951494254661,B1f
S0515,19.913218126597798,143.09122518474055,46.71584976760399,6.957321947893543,B1f
S0516,15.158475748930503,80.12270195047573,31.577950504113613,10.107109955265635,B1f
S0517,14.815834954503554,79.80329066779674,38.58665256469222,11.829888070031554,B1f
S0518,16.033403301507423,99.2505022000552,47.335086717549274,14.216278580383609,B1f
S0519,14.026100988775825,81.5306437408224,36.94427986357679,8.29902767215339,B1f
S0520,21.37902495942616,145.77700144807855,44.279033108479716,6.513748487656679,B1f
S0521,13.624618902588855,87.06461174650926,36.71613181536836,9.957006606905695,B1f
S0522,18.420781127887377,109.01101245446162,26.539975436414355,10.814192579942981,B1f
S0523,18.643813249329657,132.9070507054663,38.04418919523542,14.176495223992596,B1f
S0524,18.44550576737594,112.1686238882319,39.219822994883785,6.5492489109866465,B1f
S0525,12.664883628538671,78.90903491217115,34.947405499512314,9.371381214890778,B1f
S0526,17.434182575115024,118.963086437921,28.697737455560357,4.8123521600137,B1f
S0527,18.609751701339253,116.80017361377396,38.8348151272657,7.077315604131471,B1f
S0528,15.833428784069994,88.67113936473281,37.155540664383395,17.816623418809517,B1f
S0529,18.6889849977291,98.65966189342744,15.365798893158221,8.458563668778703,B1f
S0530,17.358804304258694,111.24796781584298,32.774670584467316,7.611866307399259,B1f
S0531,21.190131088397255,129.90726580872771,28.1027008563207,10.292862544033392,B1f
S0532,16.950967044063326,99.39031052579129,30.263014104106446,11.021740670540831,B1f
S0533,18.65010763459653,112.50727265551913,40.47833995388309,15.553237269092316,B1f
S0534,15.98894004618495,87.79230256764859,24.26659650387121,9.593421358474455,B1f
S0535,20.71377322967546,130.9094619336998,43.913050679563554,7.188674269769267,B1f
S0536,15.288346768017185,99.7953310692217,35.408800386567975,3.646822520365717,B1f
S0537,18.045507704199814,130.07478074240885,35.579249869350186,4.314872749127174,B1f
S0538,15.407628751588032,91.7653384496293,44.113997113379654,9.194127393659183,B1f
S0539,16.650060009013675,96.98453106702357,32.65863580260095,13.27614904158195,B1f
S0540,19.03731782440683,119.3579787250861,32.38776468222666,10.295132727488566,B1f
S0541,12.576033158413559,80.81102937180599,41.758898606187124,15.843424703775447,B1f
S0542,14.332163885100991,70.17044483869742,31.680984229648644,10.561812504135533,B1f
S0543,17.23859422915467,113.00593422823962,35.9735585233607,10.040906879140765,B1f
S0544,16.393800873498847,89.44091627367338,29.355920408441143,17.542432324663395,B1f
S0545,15.42960680039772,95.0408095938848,35.15398823427378,11.12837016310134,B1f
S0546,15.984202422372107,87.53088443905048,29.733365508537222,9.82588036647667,B1f
S0547,16.278959461719687,78.29362306440268,23.87423451590753,12.316296143886401,B1f
S0548,18.346029644214923,106.35614811544198,27.6402625696945,9.731131956233138,B1f
S0549,18.634054819392478,107.42100248470427,34.24614684564791,6.611919137791835,B1f
S0550,16.506133396709927,96.666422801624,38.220481299641854,9.342182742585758,B1f
S0551,18.260465753787198,103.69797286694215,27.521497499087538,10.74945651785263,B1f
S0552,17.42585295128967,98.9783517667305,29.62611868976583,13.889221197426776,B1f
S0553,14.325158458220326,80.6985856483746,45.152354760757945,11.833938655395059,B1f
S0554,13.64683894856365,79.38143182980023,36.97072062363337,9.619129848854705,B1f
S0555,13.816394496160855,86.1251303871438,34.54609711303887,5.985410690513527,B1f
S0556,20.424028519468905,122.67142642729078,38.27968298430784,12.12823517552235,B1f
S0557,16.854612687305384,93.30831785241784,34.25760033097927,17.174339735648054,B1f
S0558,18.61367110160081,113.2995958147819,33.17461513209498,12.205021767938339,B1f
S0559,17.783281326501275,98.58870483605136,42.97317165489714,15.109823455059454,B1f
S0560,14.386568909211901,112.00259563915118,45.40311471500832,11.151885149528075,B1f
S0561,14.734883358352851,82.26751770299671,36.75345456075647,13.376278550604217,B1f
S0562,15.036862967880154,90.98093226224121,37.44553903624569,5.633520949958466,B1f
S0563,19.385664302485743,89.20640965800882,23.38723144262294,16.279067791972373,B1f
S0564,17.782788477796732,109.44328132286896,30.453889967818583,12.110801912628414,B1f
S0565,18.15874122167207,119.72480059352536,41.41342713058888,6.632511130420308,B1f
S0566,18.492637342751287,119.78490138063333,34.23105460621949,6.368860702852993,B1f
S0567,15.167381312606656,82.83892486054891,34.98657970672346,9.638199849583243,B1f
S0568,15.620829241479075,97.11696133780455,24.457944759532737,6.952954659886478,B1f
S0569,12.722889713157828,81.06813205987855,38.33548515387889,7.592802627577468,B1f
S0570,15.045415240760006,60.34921576529123,29.149200629004852,13.789496458824363,B1f
S0571,15.207313830320079,85.32506289329253,34.96115179768292,12.190890757548596,B1f
S0572,12.134257592951522,87.1542076744737,35.55366660645102,10.09759338051805,B1f
S0573,19.35777933962404,133.49228625760833,44.71436948031905,7.556720731111008,B1f
S0574,14.120096246107362,86.17634952652338,34.86538548413131,3.341028786228433,B1f
S0575,16.044721486921517,88.98280202149837,24.62701424613617,11.511564066278224,B1f
S0576,13.904978461268202,94.69390417955475,47.364084030635716,8.550416018547935,B1f
S0577,16.737562467532864,104.01842054412361,33.92439767347084,4.312676294161585,B1f
S0578,19.1308892928633,104.47584520906456,32.0646981746011,12.020431752251598,B1f
S0579,13.803823128260861,90.61489188378036,32.9872578001382,5.299030811328512,B1f
S0580,21.006443299819793,148.67618904748997,40.870258774581266,4.429387003565531,B1f
S0581,16.095806388118284,106.6009338472415,34.234572591109185,9.415833902952084,B1f
S0582,11.885699721702483,70.12864032320928,37.514782153724454,7.647566110387348,B1f
S0583,16.668112093720964,101.17828920429963,35.603911456642386,7.001430418638092,B1f
S0584,19.95797893783797,130.41196851110635,31.97725026167964,8.489900372539005,B1f
S0585,15.800520327881411,89.55401521768587,32.22846784298829,13.44103557228585,B1f
S0586,15.867616862140462,100.94044071548157,34.68675600153317,13.18814276443376,B1f
S0587,17.789137741354946,116.46258376725538,29.76216606874607,4.483313485189844,B1f
S0588,16.106884417948176,94.7899799203131,38.628786008531854,14.34780405705453,B1f
S0589,18.43836549156319,122.83275209384351,38.9066410545979,7.4685047881247915,B1f
S0590,15.771507855623565,100.23535027251185,33.20705428154018,7.2714451226605945,B1f
S0591,18.370855479020957,117.97387559218798,38.495232287896826,14.234815913930872,B1f
S0592,19.966464558362787,133.91605658070722,44.46517363727591,7.1767771417989366,B1f
S0593,15.703364606127517,81.86003863176802,32.13236769039321,11.68071213849353,B1f
S0594,17.147415176736054,112.68818012102342,40.725267402913516,10.4436573195575,B1f
S0595,17.623845950400202,121.58559625868338,26.32572176049166,8.461372425716622,B1f
S0596,18.525420681614936,118.20677791474742,41.04144171625746,11.205168412263784,B1f
S0597,16.500920547165126,92.28924303669132,31.779964835590004,12.676750959713596,B1f
S0598,16.339757240460944,105.44472604712949,39.0588669900156,7.434990907649892,B1f
S0599,17.135806827581153,119.45853169191668,30.638284362386074,7.0637266725750845,B1f
S0600,18.45961941145915,131.93245307171864,43.01083531944021,11.034241824286148,B1f
S0601,9.233311319883033,128.3537317639181,29.58365978280255,6.801102970224464,B1g
S0602,6.785213424418325,114.1666552471619,25.522272818437784,8.156365385411846,B1g
S0603,6.68169151280285,114.10496021989893,25.300684761583835,5.679593647636756,B1g
S0604,1.743973952797528,56.08801234775645,18.19935913152804,6.845580881508555,B1g
S0605,7.058210013906368,101.97209399720248,18.79360984626395,6.936148210244701,B1g
S0606,5.18358922070747,116.97407135045725,28.6422717788201,5.881236526165576,B1g
S0607,1.8713348529023688,57.34105556313167,16.039690567526332,6.953363751666456,B1g
S0608,6.7700147104429504,108.20978256576493,28.66015511250254,5.878248429239535,B1g
S0609,3.4714271249148014,74.17565297926525,20.449886470217763,7.828090704465323,B1g
S0610,4.429160914342399,92.43449718753479,28.44530207568077,6.593302468937658,B1g
S0611,0.8086499878421378,95.17188196603257,40.934717516766895,6.732897232951188,B1g
S0612,1.4602377477370987,76.38924294007724,22.063577078689264,6.767357986759369,B1g
S0613,6.24004038780132,105.88187724126949,13.819973099517805,6.809940641738634,B1g
S0614,9.408785442090037,121.87779227493863,19.52644509021413,6.607835503389208,B1g
S0615,10.268121006948395,115.55915410283873,27.128524915440682,6.580620793047257,B1g
S0616,10.739971853198346,117.07644961255623,18.660675462491007,6.494573274569079,B1g
S0617,0.833427140311632,83.296528928288,24.40999562339217,6.474844785889096,B1g
S0618,7.22488321459722,112.21357672734015,27.958250868248456,6.1040853392259855,B1g
S0619,2.978484299664023,78.27674341891668,28.63913314969686,6.230820189028893,B1g
S0620,2.9588370673051174,80.27783891348507,20.542162994847807,7.322900358974351,B1g
S0621,7.45252943717004,132.44195845590963,38.59905386418915,6.524458444581354,B1g
S0622,5.734475819921279,107.00577020008237,31.119713449435103,7.035966542237076,B1g
S0623,3.8959897881578507,83.72890256560814,19.948462908572214,8.166624726385805,B1g
S0624,10.251450495030888,101.07843547565042,10.28456787920708,8.094344590222713,B1g
S0625,6.285968551714588,97.40729726146789,21.481646056495293,6.991885627677374,B1g
S0626,5.214715201541939,95.79564292575412,14.576740144711884,6.584044834400277,B1g
S0627,1.2358117555708605,74.94446771888911,23.99096892404335,6.856056567068671,B1g
S0628,2.1748440764990513,86.69459645564682,21.796056700290503,6.679118066600736,B1g
S0629,1.4856138053944266,96.32092235005334,24.972253026113428,5.004291061974624,B1g
S0630,1.6843552743584,87.35174748279125,23.687055866466256,7.636329802588985,B1g
S0631,9.132517123355285,132.4450347752482,30.08712355820881,6.511289142123372,B1g
S0632,6.311851670104113,96.02362648703165,25.967821799422094,6.876307829705634,B1g
S0633,4.317368000640122,97.92987135074385,29.964878961188802,5.9135978091445915,B1g
S0634,9.775921409946202,125.44995681173224,36.34290827036102,6.672097739024248,B1g
S0635,9.987351158403282,152.07715605850808,44.249984842746386,5.985850702232531,B1g
S0636,3.1491550647676645,86.80574780954288,25.637961499830965,7.161387092488613,B1g
S0637,5.187336801627287,92.76006513180513,32.29728050761113,7.810058539612866,B1g
S0638,6.1133273221075815,97.42296031205967,29.041272451553233,6.846665040396914,B1g
S0639,3.531347874293517,113.18275850325622,41.182635277104936,7.123129229716787,B1g
S0640,8.535621120664523,126.5131155002388,36.19455785593482,5.058029472681776,B1g
S0641,5.731905545254714,95.34275519965915,13.34088918612372,7.088878859711678,B1g
S0642,5.678904521741846,112.38910237756495,20.1754555410025,5.830851543788544,B1g
S0643,10.271896228423106,149.0957479775153,39.04808751732804,6.737497813117244,B1g
S0644,7.289352682870161,105.77670372036489,22.423802360923442,7.012100935551354,B1g
S0645,5.480429216362014,98.71147278023099,26.399951344476104,6.306147719159707,B1g
S0646,3.6359239139276642,96.0524799666727,29.007456032334265,7.604489156085077,B1g
S0647,4.816584870680423,101.02062471040173,29.726691553769435,6.499077889211745,B1g
S0648,6.8837730139479,113.01883063272874,17.36348649984797,5.058530675710065,B1g
S0649,7.165412298810876,111.30251199789961,25.70645166624119,6.026290401592329,B1g
S0650,5.985880982814941,100.85686611342896,21.63282427512554,7.33682044782778,B1g
S0651,1.3377222707930532,90.77806652927482,26.559909476445487,6.632241978850529,B1g
S0652,6.47170880288647,109.2595957707055,28.194466014661387,7.389911945887062,B1g
S0653,-0.21682859861801962,62.567284093142725,6.589223770098343,7.355550267742654,B1g
S0654,5.481110390147166,104.28771135363631,32.067150547817995,5.877591936283583,B1g
S0655,5.293936491302111,107.68030367011602,30.451028704867255,5.420851862725443,B1g
S0656,3.374106888578352,104.776962829555,32.1288267256626,6.060040389489209,B1g
S0657,2.709923206570166,75.0210912511254,21.33166809392005,7.794061578651979,B1g
S0658,7.212197933557484,123.42596246355127,30.514768021625336,7.40077598250296,B1g
S0659,1.1208001332270818,75.42141330346547,17.70301418190918,7.117541850388524,B1g
S0660,0.5913689059488352,81.56167803213421,24.768406183112262,5.747278269359692,B1g
S0661,4.508964998523363,101.18621541320104,25.913617637527164,6.142550216126268,B1g
S0662,5.9153843037867055,105.8496000526708,20.500192088820874,6.081450619153797,B1g
S0663,3.7634508142579826,105.74463776687172,28.818147997636853,4.9696962261390425,B1g
S0664,5.235836602226005,103.53965966215218,24.492357613883332,6.43189426550542,B1g
S0665,4.395252578269746,91.946881272177,6.831990736030491,5.198805069184284,B1g
S0666,7.375397925752069,113.24172750148904,24.526789390418994,7.369877335262234,B1g
S0667,6.87200546752446,111.71319812350536,25.626558289792115,5.938863869846185,B1g
S0668,4.421772042763326,91.36942032526642,20.944430767842647,7.063886763660315,B1g
S0669,3.4672929752608823,81.90289669689615,31.29033665224462,7.242981665975088,B1g
S0670,4.6006116957045275,67.68619177501125,6.545992071802701,7.038913604704037,B1g
S0671,5.4530074816329135,95.06251603811792,24.194176487876845,6.398384790429276,B1g
S0672,6.459905155125735,107.4620056167516,19.95197104052873,6.892003978869026,B1g
S0673,7.8697629699244445,107.10365470736842,21.189065168072187,6.583018970174689,B1g
S0674,7.405436458393021,98.38178396914859,9.680528843239129,7.180565503607557,B1g
S0675,6.832090111684468,110.89542154736753,26.36250510448819,7.009383291128502,B1g
S0676,4.143734686535064,81.73011827149766,15.063397551047636,6.156688623240855,B1g
S0677,5.481224372868925,109.75048770521299,34.38712103158246,5.12112631051636,B1g
S0678,1.7127209313383087,89.7687914087227,27.35133741766758,6.4804841071268795,B1g
S0679,3.9356511640639216,113.62763503937713,48.26504498447608,6.041447672387675,B1g
S0680,5.8424100959649445,86.36588002069577,23.440034246142215,6.866068582405786,B1g
S0681,8.231837331084742,118.21926735383835,27.141864963367322,7.792346780577439,B1g
S0682,4.459740376558095,121.01313401223449,36.00589284663202,5.497863791317139,B1g
S0683,8.84584853223203,147.15621679947077,33.92769950299335,6.005441287040189,B1g
S0684,3.7002881982621236,102.21286192012954,37.17399790486963,6.148926469802627,B1g
S0685,8.744859450558934,113.94562155382854,27.6125670042586,7.259652404576742,B1g
S0686,5.412354177113207,87.38418969573608,20.64612910490931,7.236451786120023,B1g
S0687,8.79181342502604,100.13885799823855,19.513399429665153,8.069283893070534,B1g
S0688,5.80137139142384,97.09102577083486,26.581988789545512,8.272010506386088,B1g
S0689,4.469930975964962,82.89609457631038,19.13343622252969,6.809329941888733,B1g
S0690,1.167662850210876,86.48485006128674,20.29447935706261,6.378663229833228,B1g
S0691,4.398143108512768,107.0495962382016,33.13968319586353,6.995260268806921,B1g
S0692,12.749990116914486,135.37390578917007,24.571437431507835,6.984725986489958,B1g
S0693,2.0555300089324158,84.1677360490009,31.961880712737706,6.799247140281699,B1g
S0694,3.628493708438134,85.34630209872716,15.038029862811554,6.650475889304807,B1g
S0695,8.396193225956692,112.42263535819988,26.900103245109815,7.960892182383534,B1g
S0696,2.614469213185989,80.80874721634704,21.63360248283839,6.516003623845786,B1g
S0697,6.3522350410725155,89.75757520518036,10.434362372947799,7.2249885822489075,B1g
S0698,7.279102602594474,102.75305331901247,17.807660278642338,6.8336408239156246,B1g
S0699,5.4428875895969755,87.50544368813438,12.941950890887169,7.664656557795817,B1g
S0700,3.069657277550897,75.35862822461715,25.909791745504272,7.435760673213122,B1g
S0701,11.13516960473748,83.34680190197014,32.1588438171192,11.65535984512225,B1h
S0702,8.302890247451902,64.70666081944991,31.88082606618393,11.332217476970447,B1h
S0703,11.975250409071975,86.61527198828709,33.59735807333117,7.769203123997512,B1h
S0704,6.911406467234753,79.59814650551883,40.17012668718229,10.254085985378142,B1h
S0705,16.56710595775222,115.11235166909869,26.181426509085238,7.006794705643291,B1h
S0706,21.70148838623558,130.27809115711756,31.5844525699035,6.812466998108875,B1h
S0707,11.698690874515773,95.99122944149421,41.54589937274352,9.232722269744558,B1h
S0708,11.923235872569045,127.9763214534484,41.14088221355165,4.8379515660382175,B1h
S0709,11.725685435066412,114.17538691633187,50.19443441791904,6.915793052626233,B1h
S0710,14.745589994242819,120.71611182088584,42.16640430062503,6.974107435098815,B1h
S0711,14.275408635070905,91.96497738053104,29.90547310400586,9.556351309993895,B1h
S0712,11.871830402974748,97.57523570241476,30.386221117527874,8.052525173702646,B1h
S0713,15.503301888002909,92.97340622330226,27.229636878882033,6.222977709240859,B1h
S0714,4.778999289901755,72.8048646706502,27.161227245127307,8.31403879546396,B1h
S0715,11.423828181489588,105.33650556178091,35.31542817816701,7.417310936193225,B1h
S0716,15.31973846143735,121.05793184317054,31.202273867156876,6.739107009541743,B1h
S0717,11.25637775381973,74.29776600010891,27.401751697541776,11.522542717720679,B1h
S0718,14.560515897882397,108.81747438351384,37.69273873146325,10.678743572687122,B1h
S0719,18.27837417416853,134.94461707969623,36.87310126799333,6.109275044649093,B1h
S0720,9.009894285014283,110.41376727101317,40.5784592896801,4.611771205856,B1h
S0721,14.41169040297448,85.43929745259024,29.29630762136316,9.263846699059469,B1h
S0722,12.110513263968079,86.2073316122808,34.59589841718661,9.08680179349693,B1h
S0723,9.294761200651768,101.27367059507861,33.97038449652468,4.37083608013009,B1h
S0724,9.172230788219792,94.96083743149225,31.572428483390777,7.320381144566214,B1h
S0725,14.667250157255344,109.81858725683976,30.63624753352149,8.226747466614189,B1h
S0726,6.968923729630124,76.1862108299024,43.66452916179214,8.841900536241683,B1h
S0727,6.0917123162687865,78.99072963684291,35.68404869830123,7.216934128516806,B1h
S0728,13.239787367822057,121.05833355827221,36.55476447498671,4.465009772712131,B1h
S0729,14.653945254579494,125.37347685993419,39.417477132293705,8.513286568403446,B1h
S0730,8.340271412059234,78.70413867077951,31.151967585514058,7.721710668231887,B1h
S0731,12.082210511146178,84.70423501363835,32.7257708637319,11.094391052333778,B1h
S0732,1.5170453921779092,56.07399202881422,32.750301958975726,4.1956916381006835,B1h
S0733,17.450758579542125,113.71415366677893,27.1059493515959,8.799620289468187,B1h
S0734,10.921929310481614,96.53214968634622,29.955245186556454,6.519464086818546,B1h
S0735,14.711837548636726,118.94189351419737,40.07605923473853,5.555754383316029,B1h
S0736,12.398694151215675,104.00367646829326,35.135018412065,6.321117315792025,B1h
S0737,8.90697927035323,78.98066425734385,35.31422030767194,6.846611938986497,B1h
S0738,10.812468893003695,99.01130852589048,36.16353594152741,4.252705354464496,B1h
S0739,10.290641189631375,76.83848117210812,30.22217951246763,11.471910428856768,B1h
S0740,15.960331861160437,105.39736410361235,40.214245493948184,9.601283319800382,B1h
S0741,11.797894562544787,90.8450023401381,33.39284282236475,5.067770546195858,B1h
S0742,14.16072519488914,91.419460206160693,33.32212439656568,12.251019487402921,B1h
S0743,11.958285855633758,115.46442913048371,37.50413329831399,5.516952012356354,B1h
S0744,7.912487632984107,87.10301004343489,35.01104659493531,6.6444129612782445,B1h
S0745,15.056153932744367,92.84185320583902,34.42371365971218,11.040412012875308,B1h
S0746,22.641118562881534,140.51195301474263,32.23663067051943,5.983477776827479,B1h
S0747,17.127107818931187,116.08835853050189,32.366964041162014,7.26846816727266,B1h
S0748,17.403352482998336,94.74196091948775,28.050546551651703,13.259346904387971,B1h
S0749,16.418182154577234,126.85851217103652,35.826038522376656,4.771344084270178,B1h
S0750,11.236631177199982,86.31303928476817,28.176423190551933,8.784213776851354,B1h
S0751,14.376236782517974,87.59785959456288,27.07770432360585,5.6700285296126305,B1h
S0752,11.101225348940577,104.92456240157908,43.709335435852005,10.11455977276866,B1h
S0753,15.45318838929601,111.18610854124972,35.8729287497076,6.386169004936325,B1h
S0754,13.94645318955802,112.76528049997533,38.3300129668003,6.689624589974166,B1h
S0755,8.643660841540147,96.62217436668463,40.521680373930565,7.295251906220863,B1h
S0756,4.671599398669709,69.93344673072016,31.2443838406953,9.368982013643686,B1h
S0757,14.084970131998265,116.08482337580215,42.129283095331154,7.50049452195352,B1h
S0758,19.69715835480152,137.19001569288613,33.332652294442404,6.219756767580105,B1h
S0759,3.5513036609383803,85.44624277663864,41.939214576924606,9.746227381212835,B1h
S0760,13.125605112923228,95.19450504338303,29.310793983339053,8.061063826428617,B1h
S0761,6.400630192193017,88.34698901678563,41.30933233910775,6.816044340470822,B1h
S0762,18.379109871451313,95.7448548115897,27.966687366481494,10.511597261807395,B1h
S0763,12.866933589188593,109.17807156421108,39.23819488109204,7.211876743834754,B1h
S0764,16.065090165395024,99.56736768499395,25.191238480815166,8.091835194554964,B1h
S0765,9.364364762623996,98.53972254787635,36.05121314729605,6.402954739031733,B1h
S0766,16.62171665589797,129.01795835374688,35.8592287218779,5.909779180445726,B1h
S0767,14.520639274331176,93.45903249444977,24.41470668619191,7.543462739832568,B1h
S0768,13.792578904214352,95.1591330195579,24.47728738949104,8.924584987960325,B1h
S0769,14.590356469745625,116.54633156871954,33.79237178815749,4.30319215189834,B1h
S0770,10.511746000386587,94.52984376875956,31.17160131507651,7.2615628726811865,B1h
S0771,5.710538871066062,53.5062104680964,32.73815265616067,10.073303120500555,B1h
S0772,17.196005734560185,99.3826986239185,26.0676344621822,7.653430403662071,B1h
S0773,13.711078675428197,110.64415076413961,35.305030455149634,9.036980692542894,B1h
S0774,10.55680437221421,107.14594939269267,39.87284113388152,5.703995289629622,B1h
S0775,11.909415940521646,82.57116521716463,24.800420571512035,10.592495808293968,B1h
S0776,17.30214628932127,107.1103534207897,30.035803902200275,8.469953279754673,B1h
S0777,17.178749740268835,119.56992090934492,32.60187855761433,7.696215885355663,B1h
S0778,11.38381653540945,99.69928452676626,28.909311771562862,6.893339980091829,B1h
S0779,7.450699791596671,81.82775599531067,31.373461336896295,7.746068431004159,B1h
S0780,9.969360529122765,85.58429280766958,37.25881253822719,8.467311940202277,B1h
S0781,13.13534088948847,95.48789441830569,29.43195335625959,10.925931095925938,B1h
S0782,7.1902238566389975,80.48530613514264,28.375842862169176,4.850940636158701,B1h
S0783,7.556701365629191,72.75095869228502,32.2520192480916,8.519312343716104,B1h
S0784,10.860045865694657,72.7245297796424,25.056751519441434,9.738867542346258,B1h
S0785,9.550921928960081,83.46483211453463,36.6004774045975,8.480154173030941,B1h
S0786,14.735221315431154,114.05965942038938,38.86352707446602,8.995894594595619,B1h
S0787,20.560387392415226,128.5896710232379,31.531388486437788,7.02251013039604,B1h
S0788,17.221926660143627,133.7280503804301,33.03972805453242,7.150431038837753,B1h
S0789,17.31497958741634,109.89531464775418,31.044466006417263,7.92175004892212,B1h
S0790,16.791568187363552,118.16901523606025,25.294815078651993,9.523791554755212,B1h
S0791,7.509703833205198,89.10834125153244,37.73126009616932,5.543523743972304,B1h
S0792,11.26139067572468,115.91492560877172,36.03274429437777,9.785644958522134,B1h
S0793,13.264713814693424,106.71026236711374,30.728920803486414,6.91255082981775,B1h
S0794,12.775284404132808,106.59615992305385,33.01284775352724,9.600640602915975,B1h
S0795,12.929496085452852,82.47842134381986,24.215356091531156,7.4533019690599005,B1h
S0796,9.506516907187407,84.45888999252249,35.254546052382956,9.197897677238036,B1h
S0797,12.027653715368082,80.57609085359526,32.56829571789616,10.423659415981431,B1h
S0798,12.179275775174087,85.50170553216313,34.1748102015135,8.301863178179653,B1h
S0799,8.93161154620778,97.11157316589443,45.92637186934225,6.331157606906826,B1h
S0800,17.11564171499568,109.6506211448387,31.28170759554124,8.572429023937069,B1h
S0801,9.152448658719623,81.19071320784596,29.637107834202247,7.025385084062769,B1i
S0802,13.804442897258983,125.15296168465326,38.564106432998514,-0.5644015108535063,B1i
S0803,3.529427371868959,87.46407119279115,29.772379462121798,-1.2008124713911386,B1i
S0804,12.190616373034228,61.67638305368932,15.515028855460733,7.4854460388883535,B1i
S0805,11.675445952691065,85.94892177889164,29.667033469322764,2.9649453317914443,B1i
S0806,13.451416932001024,69.69398933436317,24.227524374962197,11.775334146086301,B1i
S0807,12.489946845551462,87.29572521878846,14.201724660914635,8.180668947229321,B1i
S0808,18.000403863117963,127.45452569121346,25.37322517302323,1.4072106023649864,B1i
S0809,17.618097344290366,124.93956173537693,30.9936542298825,1.9448177915667273,B1i
S0810,19.045955313256826,115.04009971250711,20.548923994147675,4.447007272875954,B1i
S0811,12.702531788740362,90.98306271435393,19.271865800327877,3.7377434798577553,B1i
S0812,14.538562115195699,72.71976857341946,5.23690592150848,6.528493575209132,B1i
S0813,13.122855869634805,85.0912148819736,21.054653936713677,5.343476781923103,B1i
S0814,20.45848433230573,107.82561603793,13.14375126157183,6.831304392197806,B1i
S0815,10.24824379236994,68.85777610440527,12.520290052089731,2.18779221872426,B1i
S0816,12.697838822861735,93.00514313294399,16.909324377679003,4.677548541454493,B1i
S0817,13.15803963211248,101.35013211333589,23.3437250649615,4.083827958997086,B1i
S0818,9.380926194123383,35.00250931350384,7.129481105924471,10.570512181965286,B1i
S0819,15.695193630296451,123.5819233704122,19.839420682865285,-0.20865564677726223,B1i
S0820,4.02932002201595,68.49352098194493,25.34697739917756,3.274782024661172,B1i
S0821,18.518779723420316,98.69942773473119,19.397100170187567,13.958515064913565,B1i
S0822,20.549041404910668,109.66197866483901,18.136304660125532,4.464439996384318,B1i
S0823,6.472572724600526,70.84232057179383,28.171269586288016,-0.8333298886297609,B1i
S0824,16.295972734155722,107.12263816950916,24.950995016517776,4.5413298105547,B1i
S0825,10.045664348473156,81.29835550130795,11.48636950960416,10.508238509026366,B1i
S0826,14.437939093596567,75.42085725008964,22.13296562267967,9.615197407463327,B1i
S0827,11.548282395859019,84.20116525815463,19.696285175421593,2.5817499866909563,B1i
S0828,22.495929446613353,124.88644096564622,29.263693052086225,10.237731432979972,B1i
S0829,7.835463039068925,96.99513486707617,30.460531583191695,0.4235476630853414,B1i
S0830,19.260435878199196,112.8279018446166,17.211237677633775,9.159612361637201,B1i
S0831,9.275484356480465,97.70595161686624,23.71591541575061,3.3155653096715563,B1i
S0832,11.79202024968959,97.36717188697688,17.895489601785577,5.465235770095756,B1i
S0833,4.226347217783426,45.833528158722594,13.928113782236341,9.339090229247763,B1i
S0834,23.034981391253503,130.79287666826093,16.34518388272396,7.207339093279876,B1i
S0835,9.361967183412068,79.34805043087992,16.147294249800908,3.7673128260511937,B1i
S0836,12.198438897694412,88.9275285893154,25.494135995526086,6.793152358755352,B1i
S0837,16.17637451974823,104.24669110525923,16.264015687916526,0.704929764694322,B1i
S0838,12.265943345332694,86.46666384848912,22.748355555657525,6.7911910822599,B1i
S0839,9.496996530878999,71.02139255284362,17.261986579342928,4.256156770609295,B1i
S0840,26.045472598540133,140.58657235375287,28.602054349875367,6.223508770933815,B1i
S0841,13.367247658320341,75.24031350721651,23.145808504800414,5.577238178237719,B1i
S0842,11.110390268875433,78.46175006275757,14.43446713503715,5.3183961378825435,B1i
S0843,20.006030373022814,95.91365082680419,9.098639638928304,4.929806911166247,B1i
S0844,4.7662300504453725,75.1413771269616,28.16749493634316,2.195859960682417,B1i
S0845,15.167333379152808,114.86763023943105,30.249906203926155,1.839227844495761,B1i
S0846,18.93963117253757,102.4222186640492,17.175942648356767,9.226007318746252,B1i
S0847,5.445950523909452,50.26681539545408,20.300758784814338,9.20009324404408,B1i
S0848,20.765049342650997,128.69182905548288,18.381782830971567,5.753186007822729,B1i
S0849,13.36857832454889,102.4897424528831,27.397065009953657,4.746825057385175,B1i
S0850,18.583240009338326,108.05753418525923,21.113509456147373,2.2274085769521728,B1i
S0851,24.383821260396715,92.89010419373527,9.488482767434295,6.206064104787061,B1i
S0852,12.081281479775878,62.22612987011686,5.063181118199644,11.122470568729733,B1i
S0853,24.823895137584373,128.5130325832804,17.150047654804755,4.898435983374718,B1i
S0854,-1.6586011767050177,46.21199623635645,27.94931963003846,5.302311700246405,B1i
S0855,4.000807379784138,54.94522738434267,15.887764479506167,3.3295620905521406,B1i
S0856,5.743661830801262,49.703201369015225,4.368312062372027,-1.9225390006049263,B1i
S0857,13.534635250611815,87.45864861330247,16.973063894618697,6.429777643371894,B1i
S0858,14.592930420072104,98.8844231466146,10.14587471370446,6.593691457173264,B1i
S0859,14.25374630229269,93.12693220291385,18.62004691842271,6.184503174832461,B1i
S0860,8.677550317135061,62.01304798875955,10.782811200385508,4.699588847679671,B1i
S0861,7.813712964301591,82.6740977623277,15.223499000343878,4.889245784708927,B1i
S0862,7.166970869942521,46.30626687408165,15.539528576154531,8.00533378829726,B1i
S0863,13.45482706024581,113.30103362022795,31.99848069957855,2.4939648903882494,B1i
S0864,17.22384275875357,105.29925894400382,23.434212712471833,7.176635159124443,B1i
S0865,9.47864378673836,72.28004449673955,14.657347781746116,10.488760308416191,B1i
S0866,12.167807321689551,70.60056160050118,13.836557454226135,5.734543710915888,B1i
S0867,11.450355239134527,75.70657359649728,14.450416729083807,10.735700340514313,B1i
S0868,6.587247940500431,107.68381334704236,44.50892340309723,2.9676376931589568,B1i
S0869,8.8058548687824,81.0908156516019,29.689856906410128,11.485509468495065,B1i
S0870,16.24204343193236,100.59291617740531,15.42929948361559,6.596122244968547,B1i
S0871,14.992625928833242,104.38913669639477,20.859978095232666,8.546465492945048,B1i
S0872,17.330215967590554,91.01598399111255,13.158514175638235,3.6582724743882156,B1i
S0873,18.47647706810595,129.64911021752496,40.92857034318878,5.825192565454962,B1i
S0874,16.765893977583996,98.75134630719799,23.437112111316114,4.710559412982546,B1i
S0875,21.665593143387035,126.38991499853672,23.02030156762127,3.5170112941780425,B1i
S0876,12.98753236343734,99.82720974649513,23.024896881112607,2.933741511697313,B1i
S0877,3.585429665145817,50.324860143783596,16.953608643590385,2.4198575041367536,B1i
S0878,15.668184093430373,83.5782901333086,17.208872376541812,8.560087068787743,B1i
S0879,6.777684523439513,60.30898142857173,12.190158532369542,5.645680762773804,B1i
S0880,12.709930734746427,91.45515136908774,15.804734419071114,4.984414506645077,B1i
S0881,9.374459318310144,71.29649657877343,19.196868405352852,12.37965087666166,B1i
S0882,20.71462909337469,99.44109452612926,14.959260504653468,7.816596152235206,B1i
S0883,2.9591457212199916,69.91064506080848,31.26977236789865,3.1492975760196544,B1i
S0884,13.424972740299097,84.6392717411188,11.121724066950197,5.538505727730048,B1i
S0885,9.981672465544783,70.8597385335066,27.62612766203585,6.453162326213849,B1i
S0886,12.43160697140138,84.02322629350869,19.44365278629662,6.676678214337594,B1i
S0887,4.072792362358877,59.76878057479825,24.554155583223537,8.028638279989792,B1i
S0888,16.43187472847699,109.67711197254685,25.499668555712176,2.8679836673442534,B1i
S0889,3.345591466458359,65.32453027368734,28.565155032775962,10.005505730271015,B1i
S0890,14.216914183503418,74.579534893684,16.041401225004776,3.1327407350622725,B1i
S0891,8.616863584409465,80.66598772465998,35.62001861103874,2.41096989463756,B1i
S0892,13.370518461018884,86.69340358633337,18.837826194092614,3.7223488704422616,B1i
S0893,10.099602056674797,67.77562006341505,20.533882520942417,9.802838068265611,B1i
S0894,8.621483063481726,78.35517400541947,16.811374146267603,2.6919797078835632,B1i
S0895,16.14446071754409,112.93609019883425,28.775938345046736,6.921833493041097,B1i
S0896,21.700550563323624,130.4819442726975,19.561234725238613,6.661859305523296,B1i
S0897,16.159860691579944,114.8588961810828,13.362499772256857,-1.3086209322417481,B1i
S0898,3.05055316433457,57.74621929630471,20.45580678050959,8.077750507863245,B1i
S0899,21.202844410043156,131.04688436396626,22.699847751211756,5.556144524481029,B1i
S0900,16.216221570504548,117.67845144034112,32.75349985168482,3.016365621019548,B1i
S0901,6.117640036128433,122.79704272669888,21.767523693506956,9.631367141221824,B1j
S0902,4.71558073849405,100.13312130918509,18.08790384002614,10.204012136408416,B1j
S0903,5.708054811783318,123.15996298603461,20.304194161620394,9.509716159665475,B1j
S0904,5.385715504948517,91.9127975567615,16.927512243491243,10.644576136097353,B1j
S0905,0.10939401806867277,66.81120735122649,31.34734875712386,10.240985450328859,B1j
S0906,7.451808742610137,116.93483946590716,21.43327836030534,11.379950889483801,B1j
S0907,2.7902612823918416,79.81321282387619,16.797769347235782,10.33851782674343,B1j
S0908,5.73766234128877,119.08667927743271,13.287131914644084,9.976162015756016,B1j
S0909,3.620314070399132,93.10451917072984,12.319057060528392,10.054030263568402,B1j
S0910,5.410776533251257,113.46116704415086,12.29052170960701,9.945705688676314,B1j
S0911,4.853750199420176,97.36624990646861,15.181542960206993,10.920078374792107,B1j
S0912,2.696821168083701,93.29097835068747,26.35229941445357,9.317542172716625,B1j
S0913,0.6470028741464207,57.83516442753839,17.177028980301408,10.523478290799222,B1j
S0914,7.413305137833215,136.81796728294026,28.737829336523053,10.157886356622756,B1j
S0915,6.903982383506341,146.71811730006638,33.330850405809706,9.358129729806212,B1j
S0916,4.917775982156818,96.91388868909489,14.1709436890627,9.438932236062865,B1j
S0917,2.6613976547235745,85.69649322894303,18.523738734082272,10.438789391267061,B1j
S0918,5.553389938298433,119.3191442093601,19.94279670286154,9.920924544066166,B1j
S0919,3.6850435638636956,88.99748308442877,11.765325272068255,9.219784184985402,B1j
S0920,6.278314902851678,140.64127734375242,31.56223839801738,10.557157423195921,B1j
S0921,8.105630634575594,126.65375292143501,9.547719067073007,9.619407234489596,B1j
S0922,3.429588591619482,96.82660616948276,20.79935667513313,9.913630183816693,B1j
S0923,5.147024957410986,126.63434153278834,29.453827840833455,9.838076115393651,B1j
S0924,7.445413497202916,125.32474369325648,22.38616263956191,9.512555171346598,B1j
S0925,5.554283614064845,107.50580396086431,21.428899513463858,10.12967436245127,B1j
S0926,9.051851661010144,125.1691902773801,11.661757339549185,11.048678494431838,B1j
S0927,5.255550532268165,104.46887220626259,27.454160655519456,10.536463654745516,B1j
S0928,3.660176009889298,103.57608232521905,19.591421929610323,9.946712159856437,B1j
S0929,5.3259592673525855,100.994888652867,18.989161371530514,9.977770387473445,B1j
S0930,7.189103328711477,127.62652452373499,15.360410381896425,9.695114668213611,B1j
S0931,6.077225198716563,106.12457212466799,17.864573878790814,9.919984834253462,B1j
S0932,3.0075589704845163,88.94175012027512,19.107038184591538,10.357904043032711,B1j
S0933,4.530961518969425,108.5607818481176,24.40476339354771,10.183477575866716,B1j
S0934,1.8331573938613737,97.68371222067644,17.581199091786885,8.12120799941935,B1j
S0935,8.30691403162357,144.04127849519037,26.40672412631605,9.905136354975525,B1j
S0936,3.1910386708553062,88.98291708804608,20.16186898039101,10.437871143251716,B1j
S0937,4.3663790969092275,79.40406432733386,8.248401234204378,10.997900217721671,B1j
S0938,5.654272120022135,113.55606197825709,26.512245435882516,9.935176965301526,B1j
S0939,3.0856911377151732,87.58238975499926,24.197220011791785,10.700197586627931,B1j
S0940,3.5111580195423593,97.28381610505241,22.722899945133204,10.015194472777107,B1j
S0941,4.200002167741414,94.617297227351,22.350614062229024,9.415933822283687,B1j
S0942,6.523475383095462,113.86572336291987,10.533623088993062,10.65256630252548,B1j
S0943,8.566580058609018,137.28459193626657,15.327876901962048,9.934515619359532,B1j
S0944,5.5768003104588715,101.71343646972474,21.200787687895257,10.427852655862763,B1j
S0945,5.286223875274328,93.26576211325909,15.697299543590024,11.366569159938843,B1j
S0946,6.56828057442201,115.90957157649085,21.8489150355544,11.114946191604497,B1j
S0947,4.363000119527417,77.69314869235627,12.374438997178999,10.63831868002624,B1j
S0948,3.231585960092004,95.06073383969056,23.79287921665091,9.795996686127303,B1j
S0949,4.576237855723875,93.86241268724356,17.67556944898225,10.2855051796948,B1j
S0950,4.303351686541626,102.30811102196516,21.01919524474391,9.2825246555149,B1j
S0951,3.7950576678431296,107.34760267551428,31.041323528816832,10.703169603379294,B1j
S0952,4.108447829885253,101.90393088396992,10.609766080754698,10.357135406846993,B1j
S0953,4.700897896340849,119.5857273341377,22.698583261765965,9.255949086444986,B1j
S0954,3.587761735862504,85.70245512736234,8.517781638572425,10.84735171975003,B1j
S0955,4.756990199091075,99.47589206557159,26.850462965159696,10.471265703093843,B1j
S0956,4.824600773280797,108.8192542536201,13.604161511565259,10.962298464043599,B1j
S0957,3.971874018933409,94.67896501912543,26.143562961358906,10.52537420755311,B1j
S0958,5.395041280513788,111.6525422084443,18.568676689413728,9.741104389613735,B1j
S0959,4.325956693070933,111.90423497003752,22.96417876626423,9.253051515888023,B1j
S0960,3.0286341603044713,90.923744571947,19.84411745645288,10.180296759888048,B1j
S0961,2.948286920395189,94.32802911689605,24.926279758780723,9.962023831338499,B1j
S0962,3.467514517510918,99.9474545785223,30.240250305568104,10.167156732681816,B1j
S0963,6.020074691581963,122.5620090943469,27.728489289779652,10.228698545454018,B1j
S0964,3.1130006775686523,112.3196554124491,23.54098523872651,9.64391506154824,B1j
S0965,5.679630166921075,110.4404044674564,27.320082268530417,10.521433034965145,B1j
S0966,5.129663026905551,129.65875902265498,24.724697369311748,10.015300150701522,B1j
S0967,1.1021727843564229,71.35315578215577,9.707678682106705,8.975389544557654,B1j
S0968,4.4124969910188305,118.29932537344028,25.46695591538613,8.944964748149745,B1j
S0969,3.357547515007306,98.76714188245744,18.230845067780766,9.818331091664856,B1j
S0970,4.3474520358032525,122.71895269560886,26.91554378153723,9.874187033894279,B1j
S0971,2.741404395813559,92.60165253587753,24.763795963367325,10.316470161158835,B1j
S0972,3.4455767651671767,102.22539029490574,22.04760707783468,10.905020933828593,B1j
S0973,0.27103958517965054,63.85816260026449,12.18200950623844,9.721601455007246,B1j
S0974,6.136861227236068,113.97468382625603,16.24845249071136,10.60818946594047,B1j
S0975,3.524487583545703,100.47917275002108,26.47344513318705,9.678855506978408,B1j
S0976,3.5217135908972788,101.24161492543733,25.04291867369857,10.081151431686527,B1j
S0977,6.405137990534216,119.40109081188098,17.90662928402803,10.160994979343647,B1j
S0978,1.7237353771606898,68.69962306906697,18.49307821458179,11.060302062608997,B1j
S0979,6.21208429156653,120.34596932474987,23.387211156519726,10.560489061476158,B1j
S0980,3.0822583564655237,95.78956929262279,17.07194864132079,9.966649994672492,B1j
S0981,5.495310351886254,97.23239611547953,16.236862962189008,10.84010985473381,B1j
S0982,6.34608865522954,123.02922593909878,17.555189060419988,10.42350211297751,B1j
S0983,5.992480679390278,126.14850941144718,23.660933174459984,9.596543379817565,B1j
S0984,6.481488732148416,114.26655150987294,12.499984530449854,10.27201274616035,B1j
S0985,3.2105564790833068,89.66058154619965,20.7817889354938,9.859699622413462,B1j
S0986,4.326628642018112,91.84481916072801,16.495596918283347,10.560006407449837,B1j
S0987,4.969560853140765,109.83447690772309,16.765215201368953,9.737248750619584,B1j
S0988,4.439300419955517,104.25643000365311,26.162261965682745,10.903266808141103,B1j
S0989,4.600697729033392,99.64342175715974,8.819551757729693,9.407826101078696,B1j
S0990,6.0648120563731744,123.29289939219328,18.473196116601873,10.72889307199093,B1j
S0991,3.9409213058468655,93.70652322761337,25.937008699297483,10.740979776913326,B1j
S0992,3.889970604968072,112.3320479407027,35.54438817316247,10.618398619021512,B1j
S0993,5.073046887781377,112.53178524141853,17.856160876984745,10.965967411063403,B1j
S0994,4.7002592054162475,97.40885688992317,14.661094454734792,9.399008618016829,B1j
S0995,6.914655264846112,108.8326658328692,19.376168803160482,10.467390242611307,B1j
S0996,5.527833200705159,137.56708049865924,24.83385137948145,9.696322242741862,B1j
S0997,5.387878052622855,117.40981640449613,24.805067882400014,10.019647285612354,B1j
S0998,2.0964579815158126,63.564475196236316,15.127954843386007,10.773707106468722,B1j
S0999,5.153218280563292,105.80860921612347,21.403049700620336,10.299338600619523,B1j
S1000,5.12002682659025,102.5121369050694,21.761821337447007,10.528409812848293,B1j
