temp_sample,date_time,temp_c,pond,treatment,depth
1,6/6/2017 12:01,25.70777778,1,Drying,35
17,6/7/2017 20:01,28.555,1,Drying,35
33,6/9/2017 4:01,22.33277778,1,Drying,35
49,6/10/2017 12:01,25.02777778,1,Drying,35
65,6/11/2017 20:01,29.15222222,1,Drying,35
81,6/13/2017 4:01,26.87888889,1,Drying,35
97,6/14/2017 12:01,29.35222222,1,Drying,35
113,6/15/2017 20:01,28.75388889,1,Drying,35
129,6/17/2017 4:01,24.835,1,Drying,28
145,6/18/2017 12:01,28.85277778,1,Drying,28
161,6/19/2017 20:01,29.05277778,1,Drying,28
177,6/21/2017 4:01,26.39,1,Drying,28
193,6/22/2017 12:01,26.29222222,1,Drying,28
209,6/23/2017 20:01,26.39,1,Drying,28
225,6/25/2017 4:01,25.41611111,1,Drying,28
241,6/26/2017 12:01,24.255,1,Drying,28
257,6/27/2017 20:01,29.65222222,1,Drying,28
273,6/29/2017 4:01,26.09722222,1,Drying,28
289,6/30/2017 12:01,29.25222222,1,Drying,21
305,7/1/2017 20:01,32.91111111,1,Drying,21
321,7/3/2017 4:01,26.48777778,1,Drying,21
337,7/4/2017 12:01,28.35722222,1,Drying,21
353,7/5/2017 20:01,31.57388889,1,Drying,21
369,7/7/2017 4:01,27.665,1,Drying,21
385,7/8/2017 12:01,29.65222222,1,Drying,21
401,7/9/2017 20:01,32.29111111,1,Drying,21
417,7/11/2017 4:01,26.29222222,1,Drying,21
433,7/12/2017 12:01,30.86222222,1,Drying,21
449,7/13/2017 20:01,33.63888889,1,Drying,21
465,7/15/2017 4:01,27.17277778,1,Drying,14
481,7/16/2017 12:01,28.25777778,1,Drying,14
497,7/17/2017 20:01,33.01388889,1,Drying,14
513,7/19/2017 4:01,27.56722222,1,Drying,14
529,7/20/2017 12:01,31.88,1,Drying,14
545,7/21/2017 20:01,33.74277778,1,Drying,14
561,7/23/2017 4:01,27.46777778,1,Drying,14
577,7/24/2017 12:01,31.16611111,1,Drying,14
593,7/25/2017 20:01,32.80722222,1,Drying,14
609,7/27/2017 4:01,27.075,1,Drying,14
625,7/28/2017 12:01,28.06,1,Drying,14
641,7/29/2017 20:01,30.96277778,1,Drying,14
657,7/31/2017 4:01,24.545,1,Drying,14
673,8/1/2017 12:01,27.37,1,Drying,14
689,8/2/2017 20:01,29.85277778,1,Drying,14
705,8/4/2017 4:01,24.64111111,1,Drying,14
721,8/5/2017 12:01,27.86222222,1,Drying,14
737,8/6/2017 20:01,28.25777778,1,Drying,14
753,8/8/2017 4:01,25.02777778,1,Drying,14
769,8/9/2017 12:01,27.56722222,1,Drying,14
785,8/10/2017 20:01,29.45222222,1,Drying,14
801,8/12/2017 4:01,25.90222222,1,Drying,14
817,8/13/2017 12:01,26.78111111,1,Drying,14
833,8/14/2017 20:01,27.27222222,1,Drying,14
849,8/16/2017 4:01,27.37,1,Drying,14
865,8/17/2017 12:01,27.96111111,1,Drying,14
881,8/18/2017 20:01,31.88,1,Drying,14
897,8/20/2017 4:01,27.17277778,1,Drying,14
913,8/21/2017 12:01,28.655,1,Drying,14
929,8/22/2017 20:01,31.98277778,1,Drying,14
945,8/24/2017 4:01,23.48388889,1,Drying,14
961,8/25/2017 12:01,24.93111111,1,Drying,14
977,8/26/2017 20:01,27.86222222,1,Drying,14
993,8/28/2017 4:01,25.41611111,1,Drying,14
1009,8/29/2017 12:01,24.06222222,1,Drying,14
1025,8/30/2017 20:01,25.41611111,1,Drying,14
1041,9/1/2017 4:01,22.525,1,Drying,14
1057,9/2/2017 12:01,23.67722222,1,Drying,14
1073,9/3/2017 20:01,27.96111111,1,Drying,14
1089,9/5/2017 4:01,24.73777778,1,Drying,14
1105,9/6/2017 12:01,22.33277778,1,Drying,14
1121,9/7/2017 20:01,23.67722222,1,Drying,14
1137,9/9/2017 4:01,19.47222222,1,Drying,14
1153,9/10/2017 12:01,22.04611111,1,Drying,14
1169,9/11/2017 20:01,21.76,1,Drying,14
1185,9/13/2017 4:01,18.61611111,1,Drying,14
1201,9/14/2017 12:01,20.99611111,1,Drying,14
1217,9/15/2017 20:01,26.29222222,1,Drying,14
1233,9/17/2017 4:01,22.62111111,1,Drying,14
1249,9/18/2017 12:01,24.93111111,1,Drying,14
1265,9/19/2017 20:01,27.96111111,1,Drying,14
1281,9/21/2017 4:01,23.96611111,1,Drying,14
1297,9/22/2017 12:01,26.29222222,1,Drying,14
1313,9/23/2017 20:01,28.15888889,1,Drying,14
1329,9/25/2017 4:01,22.525,1,Drying,14
1345,9/26/2017 12:01,24.93111111,1,Drying,14
1361,9/27/2017 20:01,27.075,1,Drying,14
1377,9/29/2017 4:01,19.75777778,1,Drying,14
1393,9/30/2017 12:01,20.615,1,Drying,14
1409,10/1/2017 20:01,23.67722222,1,Drying,14
1425,10/3/2017 4:01,20.23388889,1,Drying,14
1441,10/4/2017 12:01,22.42888889,1,Drying,14
1457,10/5/2017 20:01,23.29222222,1,Drying,14
1473,10/7/2017 4:01,19.09222222,1,Drying,14
1489,10/8/2017 12:01,25.61,1,Drying,14
1505,10/9/2017 20:01,26,1,Drying,14
1521,10/11/2017 4:01,21.47277778,1,Drying,14
1537,10/12/2017 12:01,17.855,1,Drying,14
1553,10/13/2017 20:01,21.95111111,1,Drying,14
1569,10/15/2017 4:01,20.71,1,Drying,14
1585,10/16/2017 12:01,16.99888889,1,Drying,14
1601,10/17/2017 20:01,17.57,1,Drying,14
1617,10/19/2017 4:01,12.40111111,1,Drying,14
1633,10/20/2017 12:01,16.33222222,1,Drying,14
1649,10/21/2017 20:01,20.32888889,1,Drying,14
1665,10/23/2017 4:01,17.76,1,Drying,14
1681,10/24/2017 12:01,14.99611111,1,Drying,14
1697,10/25/2017 20:01,13.17277778,1,Drying,14
1713,10/27/2017 4:01,12.98,1,Drying,14
1729,10/28/2017 12:01,11.13888889,1,Drying,14
1745,10/29/2017 20:01,11.43111111,1,Drying,14
1761,10/31/2017 4:01,10.55277778,1,Drying,14
1777,11/1/2017 12:01,14.325,1,Drying,14
1793,11/2/2017 20:01,19.56722222,1,Drying,14
1809,11/4/2017 4:01,17.855,1,Drying,14
1825,11/5/2017 12:01,19.56722222,1,Drying,14
1841,11/6/2017 20:01,19.94777778,1,Drying,14
1857,11/8/2017 4:01,15.18722222,1,Drying,14
1873,11/9/2017 12:01,12.98,1,Drying,14
1889,11/10/2017 20:01,12.69,1,Drying,14
1905,11/12/2017 4:01,11.43111111,1,Drying,14
1921,11/13/2017 12:01,11.81888889,1,Drying,14
1937,11/14/2017 20:01,12.98,1,Drying,14
1953,11/16/2017 4:01,13.94222222,1,Drying,14
1969,11/17/2017 12:01,11.52777778,1,Drying,14
1985,11/18/2017 20:01,15.95111111,1,Drying,14
2001,11/20/2017 4:01,6.977777778,1,Drying,14
2017,11/21/2017 12:01,7.481111111,1,Drying,14
2033,11/22/2017 20:01,9.275,1,Drying,14
2049,11/24/2017 4:01,6.166111111,1,Drying,14
2065,11/25/2017 12:01,9.668888889,1,Drying,14
2081,11/26/2017 20:01,10.84611111,1,Drying,14
2097,11/28/2017 4:01,7.28,1,Drying,14
2113,11/29/2017 12:01,8.282222222,1,Drying,14
2129,11/30/2017 20:01,14.80388889,1,Drying,14
2145,12/2/2017 4:01,10.06277778,1,Drying,14
2161,12/3/2017 12:01,9.668888889,1,Drying,14
2177,12/4/2017 20:01,13.94222222,1,Drying,14
2193,12/6/2017 4:01,8.778888889,1,Drying,14
2209,12/7/2017 12:01,8.082222222,1,Drying,14
2225,12/8/2017 20:01,6.775,1,Drying,14
2241,12/10/2017 4:01,5.45,1,Drying,14
7,6/7/2017 0:01,26.09722222,6,Constant,49
23,6/8/2017 8:01,23.29222222,6,Constant,49
39,6/9/2017 16:01,26.78111111,6,Constant,49
55,6/11/2017 0:01,26.09722222,6,Constant,49
71,6/12/2017 8:01,26.48777778,6,Constant,49
87,6/13/2017 16:01,27.56722222,6,Constant,49
103,6/15/2017 0:01,30.45722222,6,Constant,49
119,6/16/2017 8:01,27.27222222,6,Constant,49
135,6/17/2017 16:01,26.195,6,Constant,49
151,6/19/2017 0:01,28.25777778,6,Constant,49
167,6/20/2017 8:01,26.97722222,6,Constant,49
183,6/21/2017 16:01,26.87888889,6,Constant,49
199,6/23/2017 0:01,27.76388889,6,Constant,49
215,6/24/2017 8:01,25.61,6,Constant,49
231,6/25/2017 16:01,26.48777778,6,Constant,49
247,6/27/2017 0:01,26.87888889,6,Constant,49
263,6/28/2017 8:01,26.48777778,6,Constant,49
279,6/29/2017 16:01,26.87888889,6,Constant,49
295,7/1/2017 0:01,29.45222222,6,Constant,49
311,7/2/2017 8:01,28.95277778,6,Constant,49
327,7/3/2017 16:01,27.96111111,6,Constant,49
343,7/5/2017 0:01,29.45222222,6,Constant,49
359,7/6/2017 8:01,28.75388889,6,Constant,49
375,7/7/2017 16:01,29.25222222,6,Constant,49
391,7/9/2017 0:01,30.55777778,6,Constant,49
407,7/10/2017 8:01,28.75388889,6,Constant,49
423,7/11/2017 16:01,28.45611111,6,Constant,49
439,7/13/2017 0:01,31.26777778,6,Constant,49
455,7/14/2017 8:01,30.15388889,6,Constant,49
471,7/15/2017 16:01,29.75222222,6,Constant,49
487,7/17/2017 0:01,30.35611111,6,Constant,49
503,7/18/2017 8:01,29.45222222,6,Constant,49
519,7/19/2017 16:01,30.05388889,6,Constant,49
535,7/21/2017 0:01,33.32611111,6,Constant,49
551,7/22/2017 8:01,30.96277778,6,Constant,49
567,7/23/2017 16:01,30.255,6,Constant,49
583,7/25/2017 0:01,31.77777778,6,Constant,49
599,7/26/2017 8:01,30.05388889,6,Constant,49
615,7/27/2017 16:01,29.65222222,6,Constant,49
631,7/29/2017 0:01,29.45222222,6,Constant,49
647,7/30/2017 8:01,28.45611111,6,Constant,49
663,7/31/2017 16:01,26.39,6,Constant,49
679,8/2/2017 0:01,28.655,6,Constant,49
695,8/3/2017 8:01,27.86222222,6,Constant,49
711,8/4/2017 16:01,27.27222222,6,Constant,49
727,8/6/2017 0:01,29.75222222,6,Constant,49
743,8/7/2017 8:01,27.37,6,Constant,49
759,8/8/2017 16:01,26,6,Constant,49
775,8/10/2017 0:01,28.15888889,6,Constant,49
791,8/11/2017 8:01,27.665,6,Constant,49
807,8/12/2017 16:01,27.37,6,Constant,49
823,8/14/2017 0:01,27.86222222,6,Constant,49
839,8/15/2017 8:01,26.78111111,6,Constant,49
855,8/16/2017 16:01,27.86222222,6,Constant,49
871,8/18/2017 0:01,29.05277778,6,Constant,49
887,8/19/2017 8:01,28.75388889,6,Constant,49
903,8/20/2017 16:01,29.15222222,6,Constant,49
919,8/22/2017 0:01,30.05388889,6,Constant,49
935,8/23/2017 8:01,29.55222222,6,Constant,49
951,8/24/2017 16:01,26.48777778,6,Constant,49
967,8/26/2017 0:01,27.56722222,6,Constant,49
983,8/27/2017 8:01,26.29222222,6,Constant,49
999,8/28/2017 16:01,26.48777778,6,Constant,49
1015,8/30/2017 0:01,26.29222222,6,Constant,49
1031,8/31/2017 8:01,25.22222222,6,Constant,49
1047,9/1/2017 16:01,23.00388889,6,Constant,49
1063,9/3/2017 0:01,25.61,6,Constant,49
1079,9/4/2017 8:01,25.51277778,6,Constant,49
1095,9/5/2017 16:01,25.90222222,6,Constant,49
1111,9/7/2017 0:01,24.93111111,6,Constant,49
1127,9/8/2017 8:01,22.81222222,6,Constant,49
1143,9/9/2017 16:01,21.09111111,6,Constant,49
1159,9/11/2017 0:01,23.58111111,6,Constant,49
1175,9/12/2017 8:01,21.95111111,6,Constant,49
1191,9/13/2017 16:01,19.37722222,6,Constant,49
1207,9/15/2017 0:01,21.47277778,6,Constant,49
1223,9/16/2017 8:01,22.90777778,6,Constant,49
1239,9/17/2017 16:01,24.255,6,Constant,49
1255,9/19/2017 0:01,26.09722222,6,Constant,49
1271,9/20/2017 8:01,26,6,Constant,49
1287,9/21/2017 16:01,25.805,6,Constant,49
1303,9/23/2017 0:01,27.37,6,Constant,49
1319,9/24/2017 8:01,26.78111111,6,Constant,49
1335,9/25/2017 16:01,25.31888889,6,Constant,49
1351,9/27/2017 0:01,26.585,6,Constant,49
1367,9/28/2017 8:01,26.195,6,Constant,49
1383,9/29/2017 16:01,23.58111111,6,Constant,49
1399,10/1/2017 0:01,23.19611111,6,Constant,49
1415,10/2/2017 8:01,22.71722222,6,Constant,49
1431,10/3/2017 16:01,22.04611111,6,Constant,49
1447,10/5/2017 0:01,24.15777778,6,Constant,49
1463,10/6/2017 8:01,23.38777778,6,Constant,49
1479,10/7/2017 16:01,22.62111111,6,Constant,49
1495,10/9/2017 0:01,25.125,6,Constant,49
1511,10/10/2017 8:01,25.125,6,Constant,49
1527,10/11/2017 16:01,23.67722222,6,Constant,49
1543,10/13/2017 0:01,20.99611111,6,Constant,49
1559,10/14/2017 8:01,21.28222222,6,Constant,49
1575,10/15/2017 16:01,22.525,6,Constant,49
1591,10/17/2017 0:01,20.615,6,Constant,49
1607,10/18/2017 8:01,18.52111111,6,Constant,49
1623,10/19/2017 16:01,16.33222222,6,Constant,49
1639,10/21/2017 0:01,18.045,6,Constant,49
1655,10/22/2017 8:01,19.47222222,6,Constant,49
1671,10/23/2017 16:01,19.09222222,6,Constant,49
1687,10/25/2017 0:01,17.95,6,Constant,49
1703,10/26/2017 8:01,15.18722222,6,Constant,49
1719,10/27/2017 16:01,15.76,6,Constant,49
1735,10/29/2017 0:01,14.9,6,Constant,49
1751,10/30/2017 8:01,12.88277778,6,Constant,49
1767,10/31/2017 16:01,13.17277778,6,Constant,49
1783,11/2/2017 0:01,15.09111111,6,Constant,49
1799,11/3/2017 8:01,16.99888889,6,Constant,49
1815,11/4/2017 16:01,18.80611111,6,Constant,49
1831,11/6/2017 0:01,19.47222222,6,Constant,49
1847,11/7/2017 8:01,19.75777778,6,Constant,49
1863,11/8/2017 16:01,16.90277778,6,Constant,49
1879,11/10/2017 0:01,15.76,6,Constant,49
1895,11/11/2017 8:01,14.23,6,Constant,49
1911,11/12/2017 16:01,13.55777778,6,Constant,49
1927,11/14/2017 0:01,14.325,6,Constant,49
1943,11/15/2017 8:01,13.84611111,6,Constant,49
1959,11/16/2017 16:01,14.13388889,6,Constant,49
1975,11/18/2017 0:01,14.325,6,Constant,49
1991,11/19/2017 8:01,15.37777778,6,Constant,49
2007,11/20/2017 16:01,10.65111111,6,Constant,49
2023,11/22/2017 0:01,10.74777778,6,Constant,49
2039,11/23/2017 8:01,10.84611111,6,Constant,49
2055,11/24/2017 16:01,8.977777778,6,Constant,49
2071,11/26/2017 0:01,10.94388889,6,Constant,49
2087,11/27/2017 8:01,11.13888889,6,Constant,49
2103,11/28/2017 16:01,10.06277778,6,Constant,49
2119,11/30/2017 0:01,11.04111111,6,Constant,49
2135,12/1/2017 8:01,13.17277778,6,Constant,49
2151,12/2/2017 16:01,12.59388889,6,Constant,49
2167,12/4/2017 0:01,12.59388889,6,Constant,49
2183,12/5/2017 8:01,12.98,6,Constant,49
2199,12/6/2017 16:01,11.33388889,6,Constant,49
2215,12/8/2017 0:01,10.55277778,6,Constant,49
2231,12/9/2017 8:01,7.882222222,6,Constant,49
2247,12/10/2017 16:01,7.28,6,Constant,49
13,6/7/2017 12:01,26.78111111,10,Constant,49
29,6/8/2017 20:01,26.87888889,10,Constant,49
45,6/10/2017 4:01,24.44777778,10,Constant,49
61,6/11/2017 12:01,27.37,10,Constant,49
77,6/12/2017 20:01,29.35222222,10,Constant,49
93,6/14/2017 4:01,28.35722222,10,Constant,49
109,6/15/2017 12:01,29.65222222,10,Constant,49
125,6/16/2017 20:01,28.35722222,10,Constant,49
141,6/18/2017 4:01,28.06,10,Constant,49
157,6/19/2017 12:01,27.17277778,10,Constant,49
173,6/20/2017 20:01,29.45222222,10,Constant,49
189,6/22/2017 4:01,26,10,Constant,49
205,6/23/2017 12:01,26.195,10,Constant,49
221,6/24/2017 20:01,28.655,10,Constant,49
237,6/26/2017 4:01,26.09722222,10,Constant,49
253,6/27/2017 12:01,26.48777778,10,Constant,49
269,6/28/2017 20:01,29.45222222,10,Constant,49
285,6/30/2017 4:01,27.56722222,10,Constant,49
301,7/1/2017 12:01,30.05388889,10,Constant,49
317,7/2/2017 20:01,29.45222222,10,Constant,49
333,7/4/2017 4:01,26.68277778,10,Constant,49
349,7/5/2017 12:01,29.45222222,10,Constant,49
365,7/6/2017 20:01,31.16611111,10,Constant,49
381,7/8/2017 4:01,29.85277778,10,Constant,49
397,7/9/2017 12:01,29.15222222,10,Constant,49
413,7/10/2017 20:01,31.37,10,Constant,49
429,7/12/2017 4:01,28.85277778,10,Constant,49
445,7/13/2017 12:01,31.16611111,10,Constant,49
461,7/14/2017 20:01,32.70388889,10,Constant,49
477,7/16/2017 4:01,28.35722222,10,Constant,49
493,7/17/2017 12:01,30.15388889,10,Constant,49
509,7/18/2017 20:01,32.18777778,10,Constant,49
525,7/20/2017 4:01,30.55777778,10,Constant,49
541,7/21/2017 12:01,31.88,10,Constant,49
557,7/22/2017 20:01,32.80722222,10,Constant,49
573,7/24/2017 4:01,30.65888889,10,Constant,49
589,7/25/2017 12:01,29.85277778,10,Constant,49
605,7/26/2017 20:01,31.88,10,Constant,49
621,7/28/2017 4:01,30.15388889,10,Constant,49
637,7/29/2017 12:01,28.75388889,10,Constant,49
653,7/30/2017 20:01,30.05388889,10,Constant,49
669,8/1/2017 4:01,27.56722222,10,Constant,49
685,8/2/2017 12:01,27.37,10,Constant,49
701,8/3/2017 20:01,30.45722222,10,Constant,49
717,8/5/2017 4:01,27.56722222,10,Constant,49
733,8/6/2017 12:01,27.56722222,10,Constant,49
749,8/7/2017 20:01,27.27222222,10,Constant,49
765,8/9/2017 4:01,26.78111111,10,Constant,49
781,8/10/2017 12:01,27.46777778,10,Constant,49
797,8/11/2017 20:01,29.15222222,10,Constant,49
813,8/13/2017 4:01,27.96111111,10,Constant,49
829,8/14/2017 12:01,26.585,10,Constant,49
845,8/15/2017 20:01,29.25222222,10,Constant,49
861,8/17/2017 4:01,28.655,10,Constant,49
877,8/18/2017 12:01,28.85277778,10,Constant,49
893,8/19/2017 20:01,31.77777778,10,Constant,49
909,8/21/2017 4:01,29.15222222,10,Constant,49
925,8/22/2017 12:01,29.55222222,10,Constant,49
941,8/23/2017 20:01,30.15388889,10,Constant,49
957,8/25/2017 4:01,26.09722222,10,Constant,49
973,8/26/2017 12:01,25.70777778,10,Constant,49
989,8/27/2017 20:01,27.46777778,10,Constant,49
1005,8/29/2017 4:01,24.835,10,Constant,49
1021,8/30/2017 12:01,25.31888889,10,Constant,49
1037,8/31/2017 20:01,24.73777778,10,Constant,49
1053,9/2/2017 4:01,24.15777778,10,Constant,49
1069,9/3/2017 12:01,24.73777778,10,Constant,49
1085,9/4/2017 20:01,27.37,10,Constant,49
1101,9/6/2017 4:01,23.58111111,10,Constant,49
1117,9/7/2017 12:01,21.37777778,10,Constant,49
1133,9/8/2017 20:01,24.06222222,10,Constant,49
1149,9/10/2017 4:01,22.42888889,10,Constant,49
1165,9/11/2017 12:01,21.28222222,10,Constant,49
1181,9/12/2017 20:01,19.56722222,10,Constant,49
1197,9/14/2017 4:01,19.47222222,10,Constant,49
1213,9/15/2017 12:01,22.33277778,10,Constant,49
1229,9/16/2017 20:01,26.195,10,Constant,49
1245,9/18/2017 4:01,26,10,Constant,49
1261,9/19/2017 12:01,27.76388889,10,Constant,49
1277,9/20/2017 20:01,27.96111111,10,Constant,49
1293,9/22/2017 4:01,27.37,10,Constant,49
1309,9/23/2017 12:01,28.35722222,10,Constant,49
1325,9/24/2017 20:01,28.555,10,Constant,49
1341,9/26/2017 4:01,26,10,Constant,49
1357,9/27/2017 12:01,26.87888889,10,Constant,49
1373,9/28/2017 20:01,27.86222222,10,Constant,49
1389,9/30/2017 4:01,22.71722222,10,Constant,49
1405,10/1/2017 12:01,22.62111111,10,Constant,49
1421,10/2/2017 20:01,23.29222222,10,Constant,49
1437,10/4/2017 4:01,23.48388889,10,Constant,49
1453,10/5/2017 12:01,24.15777778,10,Constant,49
1469,10/6/2017 20:01,24.44777778,10,Constant,49
1485,10/8/2017 4:01,23.77277778,10,Constant,49
1501,10/9/2017 12:01,25.61,10,Constant,49
1517,10/10/2017 20:01,26.78111111,10,Constant,49
1533,10/12/2017 4:01,20.615,10,Constant,49
1549,10/13/2017 12:01,21.09111111,10,Constant,49
1565,10/14/2017 20:01,23.00388889,10,Constant,49
1581,10/16/2017 4:01,20.23388889,10,Constant,49
1597,10/17/2017 12:01,18.90111111,10,Constant,49
1613,10/18/2017 20:01,19.18722222,10,Constant,49
1629,10/20/2017 4:01,16.99888889,10,Constant,49
1645,10/21/2017 12:01,19.37722222,10,Constant,49
1661,10/22/2017 20:01,20.71,10,Constant,49
1677,10/24/2017 4:01,17.76,10,Constant,49
1693,10/25/2017 12:01,16.14111111,10,Constant,49
1709,10/26/2017 20:01,16.71277778,10,Constant,49
1725,10/28/2017 4:01,13.55777778,10,Constant,49
1741,10/29/2017 12:01,13.17277778,10,Constant,49
1757,10/30/2017 20:01,14.03777778,10,Constant,49
1773,11/1/2017 4:01,14.61277778,10,Constant,49
1789,11/2/2017 12:01,16.52277778,10,Constant,49
1805,11/3/2017 20:01,20.13777778,10,Constant,49
1821,11/5/2017 4:01,19.28222222,10,Constant,49
1837,11/6/2017 12:01,20.71,10,Constant,49
1853,11/7/2017 20:01,19.37722222,10,Constant,49
1869,11/9/2017 4:01,14.9,10,Constant,49
1885,11/10/2017 12:01,15.47277778,10,Constant,49
1901,11/11/2017 20:01,14.03777778,10,Constant,49
1917,11/13/2017 4:01,13.84611111,10,Constant,49
1933,11/14/2017 12:01,14.03777778,10,Constant,49
1949,11/15/2017 20:01,14.03777778,10,Constant,49
1965,11/17/2017 4:01,14.325,10,Constant,49
1981,11/18/2017 12:01,16.04611111,10,Constant,49
1997,11/19/2017 20:01,14.13388889,10,Constant,49
2013,11/21/2017 4:01,10.06277778,10,Constant,49
2029,11/22/2017 12:01,11.625,10,Constant,49
2045,11/23/2017 20:01,10.55277778,10,Constant,49
2061,11/25/2017 4:01,9.866111111,10,Constant,49
2077,11/26/2017 12:01,11.33388889,10,Constant,49
2093,11/27/2017 20:01,11.625,10,Constant,49
2109,11/29/2017 4:01,10.55277778,10,Constant,49
2125,11/30/2017 12:01,13.75,10,Constant,49
2141,12/1/2017 20:01,13.94222222,10,Constant,49
2157,12/3/2017 4:01,12.69,10,Constant,49
2173,12/4/2017 12:01,13.26888889,10,Constant,49
2189,12/5/2017 20:01,13.365,10,Constant,49
2205,12/7/2017 4:01,10.06277778,10,Constant,49
2221,12/8/2017 12:01,8.977777778,10,Constant,49
2237,12/9/2017 20:01,8.382222222,10,Constant,49
3,6/6/2017 16:01,26.68277778,12,Drying,35
19,6/8/2017 0:01,25.41611111,12,Drying,35
35,6/9/2017 8:01,21.09111111,12,Drying,35
51,6/10/2017 16:01,26.97722222,12,Drying,35
67,6/12/2017 0:01,27.46777778,12,Drying,35
83,6/13/2017 8:01,27.27222222,12,Drying,35
99,6/14/2017 16:01,27.075,12,Drying,35
115,6/16/2017 0:01,28.25777778,12,Drying,35
131,6/17/2017 8:01,25.51277778,12,Drying,28
147,6/18/2017 16:01,26.78111111,12,Drying,28
163,6/20/2017 0:01,28.35722222,12,Drying,28
179,6/21/2017 8:01,26.87888889,12,Drying,28
195,6/22/2017 16:01,24.64111111,12,Drying,28
211,6/24/2017 0:01,26,12,Drying,28
227,6/25/2017 8:01,25.805,12,Drying,28
243,6/26/2017 16:01,23.19611111,12,Drying,28
259,6/28/2017 0:01,29.05277778,12,Drying,28
275,6/29/2017 8:01,26.48777778,12,Drying,28
291,6/30/2017 16:01,26.29222222,12,Drying,21
307,7/2/2017 0:01,33.01388889,12,Drying,21
323,7/3/2017 8:01,26.97722222,12,Drying,21
339,7/4/2017 16:01,25.51277778,12,Drying,21
355,7/6/2017 0:01,31.37,12,Drying,21
371,7/7/2017 8:01,28.35722222,12,Drying,21
387,7/8/2017 16:01,28.25777778,12,Drying,21
403,7/10/2017 0:01,32.29111111,12,Drying,21
419,7/11/2017 8:01,27.56722222,12,Drying,21
435,7/12/2017 16:01,27.76388889,12,Drying,21
451,7/14/2017 0:01,34.26777778,12,Drying,21
467,7/15/2017 8:01,28.06,12,Drying,14
483,7/16/2017 16:01,26,12,Drying,14
499,7/18/2017 0:01,34.26777778,12,Drying,14
515,7/19/2017 8:01,28.35722222,12,Drying,14
531,7/20/2017 16:01,28.25777778,12,Drying,14
547,7/22/2017 0:01,34.90277778,12,Drying,14
563,7/23/2017 8:01,28.35722222,12,Drying,14
579,7/24/2017 16:01,28.45611111,12,Drying,14
595,7/26/2017 0:01,33.74277778,12,Drying,14
611,7/27/2017 8:01,27.86222222,12,Drying,14
627,7/28/2017 16:01,27.76388889,12,Drying,14
643,7/30/2017 0:01,32.49722222,12,Drying,14
659,7/31/2017 8:01,25.41611111,12,Drying,14
675,8/1/2017 16:01,24.545,12,Drying,14
691,8/3/2017 0:01,30.76,12,Drying,14
707,8/4/2017 8:01,26.09722222,12,Drying,14
723,8/5/2017 16:01,24.35111111,12,Drying,14
739,8/7/2017 0:01,28.555,12,Drying,14
755,8/8/2017 8:01,24.835,12,Drying,14
771,8/9/2017 16:01,25.51277778,12,Drying,14
787,8/11/2017 0:01,30.05388889,12,Drying,14
803,8/12/2017 8:01,26.09722222,12,Drying,14
819,8/13/2017 16:01,25.70777778,12,Drying,14
835,8/15/2017 0:01,27.27222222,12,Drying,14
851,8/16/2017 8:01,27.76388889,12,Drying,14
867,8/17/2017 16:01,26.68277778,12,Drying,14
883,8/19/2017 0:01,33.32611111,12,Drying,14
899,8/20/2017 8:01,28.35722222,12,Drying,14
915,8/21/2017 16:01,26.87888889,12,Drying,14
931,8/23/2017 0:01,33.535,12,Drying,14
947,8/24/2017 8:01,25.22222222,12,Drying,14
963,8/25/2017 16:01,22.42888889,12,Drying,14
979,8/27/2017 0:01,28.25777778,12,Drying,14
995,8/28/2017 8:01,25.41611111,12,Drying,14
1011,8/29/2017 16:01,22.33277778,12,Drying,14
1027,8/31/2017 0:01,25.31888889,12,Drying,14
1043,9/1/2017 8:01,22.525,12,Drying,14
1059,9/2/2017 16:01,22.42888889,12,Drying,14
1075,9/4/2017 0:01,30.05388889,12,Drying,14
1091,9/5/2017 8:01,25.31888889,12,Drying,14
1107,9/6/2017 16:01,20.42388889,12,Drying,14
1123,9/8/2017 0:01,25.41611111,12,Drying,14
1139,9/9/2017 8:01,19.85277778,12,Drying,14
1155,9/10/2017 16:01,19.28222222,12,Drying,14
1171,9/12/2017 0:01,23.1,12,Drying,14
1187,9/13/2017 8:01,18.71111111,12,Drying,14
1203,9/14/2017 16:01,19.47222222,12,Drying,14
1219,9/16/2017 0:01,27.86222222,12,Drying,14
1235,9/17/2017 8:01,24.255,12,Drying,14
1251,9/18/2017 16:01,23.38777778,12,Drying,14
1267,9/20/2017 0:01,29.95277778,12,Drying,14
1283,9/21/2017 8:01,25.22222222,12,Drying,14
1299,9/22/2017 16:01,24.73777778,12,Drying,14
1315,9/24/2017 0:01,30.45722222,12,Drying,14
1331,9/25/2017 8:01,23.96611111,12,Drying,14
1347,9/26/2017 16:01,22.81222222,12,Drying,14
1363,9/28/2017 0:01,29.65222222,12,Drying,14
1379,9/29/2017 8:01,21.95111111,12,Drying,14
1395,9/30/2017 16:01,19.56722222,12,Drying,14
1411,10/2/2017 0:01,25.90222222,12,Drying,14
1427,10/3/2017 8:01,21.28222222,12,Drying,14
1443,10/4/2017 16:01,20.13777778,12,Drying,14
1459,10/6/2017 0:01,27.17277778,12,Drying,14
1475,10/7/2017 8:01,20.71,12,Drying,14
1491,10/8/2017 16:01,24.15777778,12,Drying,14
1507,10/10/2017 0:01,27.76388889,12,Drying,14
1523,10/11/2017 8:01,23.96611111,12,Drying,14
1539,10/12/2017 16:01,16.61777778,12,Drying,14
1555,10/14/2017 0:01,25.31888889,12,Drying,14
1571,10/15/2017 8:01,21.95111111,12,Drying,14
1587,10/16/2017 16:01,14.80388889,12,Drying,14
1603,10/18/2017 0:01,20.71,12,Drying,14
1619,10/19/2017 8:01,14.42111111,12,Drying,14
1635,10/20/2017 16:01,13.26888889,12,Drying,14
1651,10/22/2017 0:01,22.23777778,12,Drying,14
1667,10/23/2017 8:01,18.71111111,12,Drying,14
1683,10/24/2017 16:01,12.88277778,12,Drying,14
1699,10/26/2017 0:01,14.99611111,12,Drying,14
1715,10/27/2017 8:01,14.61277778,12,Drying,14
1731,10/28/2017 16:01,9.472222222,12,Drying,14
1747,10/30/2017 0:01,12.98,12,Drying,14
1763,10/31/2017 8:01,11.33388889,12,Drying,14
1779,11/1/2017 16:01,13.75,12,Drying,14
1795,11/3/2017 0:01,19.66222222,12,Drying,14
1811,11/4/2017 8:01,18.90111111,12,Drying,14
1827,11/5/2017 16:01,18.90111111,12,Drying,14
1843,11/7/2017 0:01,20.71,12,Drying,14
1859,11/8/2017 8:01,15.66388889,12,Drying,14
1875,11/9/2017 16:01,11.91611111,12,Drying,14
1891,11/11/2017 0:01,14.42111111,12,Drying,14
1907,11/12/2017 8:01,11.625,12,Drying,14
1923,11/13/2017 16:01,10.16111111,12,Drying,14
1939,11/15/2017 0:01,14.325,12,Drying,14
1955,11/16/2017 8:01,14.13388889,12,Drying,14
1971,11/17/2017 16:01,10.16111111,12,Drying,14
1987,11/19/2017 0:01,17.475,12,Drying,14
2003,11/20/2017 8:01,7.882222222,12,Drying,14
2019,11/21/2017 16:01,5.962222222,12,Drying,14
2035,11/23/2017 0:01,10.35722222,12,Drying,14
2051,11/24/2017 8:01,6.267777778,12,Drying,14
2067,11/25/2017 16:01,8.581111111,12,Drying,14
2083,11/27/2017 0:01,11.81888889,12,Drying,14
2099,11/28/2017 8:01,7.782222222,12,Drying,14
2115,11/29/2017 16:01,6.877222222,12,Drying,14
2131,12/1/2017 0:01,15.56888889,12,Drying,14
2147,12/2/2017 8:01,10.65111111,12,Drying,14
2163,12/3/2017 16:01,8.481111111,12,Drying,14
2179,12/5/2017 0:01,14.23,12,Drying,14
2195,12/6/2017 8:01,9.472222222,12,Drying,14
2211,12/7/2017 16:01,7.682222222,12,Drying,14
2227,12/9/2017 0:01,6.877222222,12,Drying,14
2243,12/10/2017 8:01,5.655,12,Drying,14
9,6/7/2017 4:01,24.835,14,Drying,35
25,6/8/2017 12:01,24.64111111,14,Drying,35
41,6/9/2017 20:01,26.585,14,Drying,35
57,6/11/2017 4:01,25.31888889,14,Drying,35
73,6/12/2017 12:01,28.15888889,14,Drying,35
89,6/13/2017 20:01,29.95277778,14,Drying,35
105,6/15/2017 4:01,27.86222222,14,Drying,35
121,6/16/2017 12:01,28.15888889,14,Drying,28
137,6/17/2017 20:01,29.05277778,14,Drying,28
153,6/19/2017 4:01,26.195,14,Drying,28
169,6/20/2017 12:01,27.46777778,14,Drying,28
185,6/21/2017 20:01,26.97722222,14,Drying,28
201,6/23/2017 4:01,26.48777778,14,Drying,28
217,6/24/2017 12:01,26.68277778,14,Drying,28
233,6/25/2017 20:01,29.25222222,14,Drying,28
249,6/27/2017 4:01,24.15777778,14,Drying,28
265,6/28/2017 12:01,25.125,14,Drying,28
281,6/29/2017 20:01,28.85277778,14,Drying,28
297,7/1/2017 4:01,27.56722222,14,Drying,21
313,7/2/2017 12:01,26.585,14,Drying,21
329,7/3/2017 20:01,27.17277778,14,Drying,21
345,7/5/2017 4:01,27.665,14,Drying,21
361,7/6/2017 12:01,27.56722222,14,Drying,21
377,7/7/2017 20:01,32.18777778,14,Drying,21
393,7/9/2017 4:01,26.39,14,Drying,21
409,7/10/2017 12:01,26.585,14,Drying,21
425,7/11/2017 20:01,30.65888889,14,Drying,21
441,7/13/2017 4:01,28.35722222,14,Drying,21
457,7/14/2017 12:01,28.25777778,14,Drying,14
473,7/15/2017 20:01,29.85277778,14,Drying,14
489,7/17/2017 4:01,26.09722222,14,Drying,14
505,7/18/2017 12:01,28.25777778,14,Drying,14
521,7/19/2017 20:01,33.535,14,Drying,14
537,7/21/2017 4:01,28.06,14,Drying,14
553,7/22/2017 12:01,29.75222222,14,Drying,14
569,7/23/2017 20:01,33.01388889,14,Drying,14
585,7/25/2017 4:01,26.585,14,Drying,14
601,7/26/2017 12:01,29.05277778,14,Drying,14
617,7/27/2017 20:01,32.18777778,14,Drying,14
633,7/29/2017 4:01,26.29222222,14,Drying,14
649,7/30/2017 12:01,25.41611111,14,Drying,14
665,7/31/2017 20:01,30.255,14,Drying,14
681,8/2/2017 4:01,26.195,14,Drying,14
697,8/3/2017 12:01,27.27222222,14,Drying,14
713,8/4/2017 20:01,30.45722222,14,Drying,14
729,8/6/2017 4:01,25.125,14,Drying,14
745,8/7/2017 12:01,26.09722222,14,Drying,14
761,8/8/2017 20:01,28.25777778,14,Drying,14
777,8/10/2017 4:01,25.90222222,14,Drying,14
793,8/11/2017 12:01,27.37,14,Drying,14
809,8/12/2017 20:01,30.15388889,14,Drying,14
825,8/14/2017 4:01,25.51277778,14,Drying,14
841,8/15/2017 12:01,26.68277778,14,Drying,14
857,8/16/2017 20:01,31.06388889,14,Drying,14
873,8/18/2017 4:01,25.90222222,14,Drying,14
889,8/19/2017 12:01,28.45611111,14,Drying,14
905,8/20/2017 20:01,30.45722222,14,Drying,14
921,8/22/2017 4:01,26.48777778,14,Drying,14
937,8/23/2017 12:01,27.56722222,14,Drying,14
953,8/24/2017 20:01,29.15222222,14,Drying,14
969,8/26/2017 4:01,23.48388889,14,Drying,14
985,8/27/2017 12:01,26.09722222,14,Drying,14
1001,8/28/2017 20:01,26.78111111,14,Drying,14
1017,8/30/2017 4:01,24.06222222,14,Drying,14
1033,8/31/2017 12:01,24.44777778,14,Drying,14
1049,9/1/2017 20:01,27.075,14,Drying,14
1065,9/3/2017 4:01,22.23777778,14,Drying,14
1081,9/4/2017 12:01,24.93111111,14,Drying,14
1097,9/5/2017 20:01,24.835,14,Drying,14
1113,9/7/2017 4:01,18.045,14,Drying,14
1129,9/8/2017 12:01,20.805,14,Drying,14
1145,9/9/2017 20:01,25.41611111,14,Drying,14
1161,9/11/2017 4:01,19.18722222,14,Drying,14
1177,9/12/2017 12:01,17.95,14,Drying,14
1193,9/13/2017 20:01,20.615,14,Drying,14
1209,9/15/2017 4:01,20.805,14,Drying,14
1225,9/16/2017 12:01,24.35111111,14,Drying,14
1241,9/17/2017 20:01,28.655,14,Drying,14
1257,9/19/2017 4:01,24.35111111,14,Drying,14
1273,9/20/2017 12:01,26.195,14,Drying,14
1289,9/21/2017 20:01,29.45222222,14,Drying,14
1305,9/23/2017 4:01,24.255,14,Drying,14
1321,9/24/2017 12:01,26,14,Drying,14
1337,9/25/2017 20:01,28.06,14,Drying,14
1353,9/27/2017 4:01,23.29222222,14,Drying,14
1369,9/28/2017 12:01,24.835,14,Drying,14
1385,9/29/2017 20:01,24.255,14,Drying,14
1401,10/1/2017 4:01,18.33111111,14,Drying,14
1417,10/2/2017 12:01,20.99611111,14,Drying,14
1433,10/3/2017 20:01,25.31888889,14,Drying,14
1449,10/5/2017 4:01,19.28222222,14,Drying,14
1465,10/6/2017 12:01,21.66388889,14,Drying,14
1481,10/7/2017 20:01,24.73777778,14,Drying,14
1497,10/9/2017 4:01,22.42888889,14,Drying,14
1513,10/10/2017 12:01,24.93111111,14,Drying,14
1529,10/11/2017 20:01,21.28222222,14,Drying,14
1545,10/13/2017 4:01,16.42722222,14,Drying,14
1561,10/14/2017 12:01,21.66388889,14,Drying,14
1577,10/15/2017 20:01,21.56888889,14,Drying,14
1593,10/17/2017 4:01,13.26888889,14,Drying,14
1609,10/18/2017 12:01,15.56888889,14,Drying,14
1625,10/19/2017 20:01,19.09222222,14,Drying,14
1641,10/21/2017 4:01,15.855,14,Drying,14
1657,10/22/2017 12:01,20.13777778,14,Drying,14
1673,10/23/2017 20:01,18.42611111,14,Drying,14
1689,10/25/2017 4:01,10.65111111,14,Drying,14
1705,10/26/2017 12:01,13.26888889,14,Drying,14
1721,10/27/2017 20:01,13.365,14,Drying,14
1737,10/29/2017 4:01,8.382222222,14,Drying,14
1753,10/30/2017 12:01,10.35722222,14,Drying,14
1769,10/31/2017 20:01,15.09111111,14,Drying,14
1785,11/2/2017 4:01,16.14111111,14,Drying,14
1801,11/3/2017 12:01,20.51888889,14,Drying,14
1817,11/4/2017 20:01,19.75777778,14,Drying,14
1833,11/6/2017 4:01,20.23388889,14,Drying,14
1849,11/7/2017 12:01,18.99611111,14,Drying,14
1865,11/8/2017 20:01,13.65388889,14,Drying,14
1881,11/10/2017 4:01,10.55277778,14,Drying,14
1897,11/11/2017 12:01,9.767777778,14,Drying,14
1913,11/12/2017 20:01,15.18722222,14,Drying,14
1929,11/14/2017 4:01,9.767777778,14,Drying,14
1945,11/15/2017 12:01,11.81888889,14,Drying,14
1961,11/16/2017 20:01,15.56888889,14,Drying,14
1977,11/18/2017 4:01,15.09111111,14,Drying,14
1993,11/19/2017 12:01,10.455,14,Drying,14
2009,11/20/2017 20:01,9.767777778,14,Drying,14
2025,11/22/2017 4:01,8.282222222,14,Drying,14
2041,11/23/2017 12:01,6.673888889,14,Drying,14
2057,11/24/2017 20:01,10.06277778,14,Drying,14
2073,11/26/2017 4:01,7.882222222,14,Drying,14
2089,11/27/2017 12:01,7.682222222,14,Drying,14
2105,11/28/2017 20:01,10.74777778,14,Drying,14
2121,11/30/2017 4:01,10.74777778,14,Drying,14
2137,12/1/2017 12:01,10.35722222,14,Drying,14
2153,12/2/2017 20:01,12.98,14,Drying,14
2169,12/4/2017 4:01,9.668888889,14,Drying,14
2185,12/5/2017 12:01,13.84611111,14,Drying,14
2201,12/6/2017 20:01,9.275,14,Drying,14
2217,12/8/2017 4:01,6.166111111,14,Drying,14
2233,12/9/2017 12:01,5.552222222,14,Drying,14
2249,12/10/2017 20:01,7.178888889,14,Drying,14
15,6/7/2017 16:01,28.45611111,15,Constant,49
31,6/9/2017 0:01,25.31888889,15,Constant,49
47,6/10/2017 8:01,23.19611111,15,Constant,49
63,6/11/2017 16:01,29.05277778,15,Constant,49
79,6/13/2017 0:01,27.96111111,15,Constant,49
95,6/14/2017 8:01,27.56722222,15,Constant,49
111,6/15/2017 16:01,28.555,15,Constant,49
127,6/17/2017 0:01,27.17277778,15,Constant,49
143,6/18/2017 8:01,27.27222222,15,Constant,49
159,6/19/2017 16:01,28.25777778,15,Constant,49
175,6/21/2017 0:01,28.06,15,Constant,49
191,6/22/2017 8:01,25.22222222,15,Constant,49
207,6/23/2017 16:01,26.29222222,15,Constant,49
223,6/25/2017 0:01,27.075,15,Constant,49
239,6/26/2017 8:01,24.545,15,Constant,49
255,6/27/2017 16:01,28.45611111,15,Constant,49
271,6/29/2017 0:01,27.86222222,15,Constant,49
287,6/30/2017 8:01,26.97722222,15,Constant,49
303,7/1/2017 16:01,31.88,15,Constant,49
319,7/3/2017 0:01,28.25777778,15,Constant,49
335,7/4/2017 8:01,26.195,15,Constant,49
351,7/5/2017 16:01,30.45722222,15,Constant,49
367,7/7/2017 0:01,29.55222222,15,Constant,49
383,7/8/2017 8:01,29.05277778,15,Constant,49
399,7/9/2017 16:01,31.47222222,15,Constant,49
415,7/11/2017 0:01,29.65222222,15,Constant,49
431,7/12/2017 8:01,28.15888889,15,Constant,49
447,7/13/2017 16:01,31.88,15,Constant,49
463,7/15/2017 0:01,30.96277778,15,Constant,49
479,7/16/2017 8:01,27.075,15,Constant,49
495,7/17/2017 16:01,30.86222222,15,Constant,49
511,7/19/2017 0:01,30.76,15,Constant,49
527,7/20/2017 8:01,29.35222222,15,Constant,49
543,7/21/2017 16:01,32.49722222,15,Constant,49
559,7/23/2017 0:01,31.16611111,15,Constant,49
575,7/24/2017 8:01,29.65222222,15,Constant,49
591,7/25/2017 16:01,31.16611111,15,Constant,49
607,7/27/2017 0:01,30.45722222,15,Constant,49
623,7/28/2017 8:01,29.35222222,15,Constant,49
639,7/29/2017 16:01,30.45722222,15,Constant,49
655,7/31/2017 0:01,28.45611111,15,Constant,49
671,8/1/2017 8:01,26,15,Constant,49
687,8/2/2017 16:01,28.655,15,Constant,49
703,8/4/2017 0:01,28.95277778,15,Constant,49
719,8/5/2017 8:01,25.90222222,15,Constant,49
735,8/6/2017 16:01,28.15888889,15,Constant,49
751,8/8/2017 0:01,26.39,15,Constant,49
767,8/9/2017 8:01,26.195,15,Constant,49
783,8/10/2017 16:01,28.555,15,Constant,49
799,8/12/2017 0:01,28.06,15,Constant,49
815,8/13/2017 8:01,27.075,15,Constant,49
831,8/14/2017 16:01,26.68277778,15,Constant,49
847,8/16/2017 0:01,28.35722222,15,Constant,49
863,8/17/2017 8:01,27.86222222,15,Constant,49
879,8/18/2017 16:01,30.45722222,15,Constant,49
895,8/20/2017 0:01,30.35611111,15,Constant,49
911,8/21/2017 8:01,28.35722222,15,Constant,49
927,8/22/2017 16:01,31.26777778,15,Constant,49
943,8/24/2017 0:01,28.85277778,15,Constant,49
959,8/25/2017 8:01,25.22222222,15,Constant,49
975,8/26/2017 16:01,26.68277778,15,Constant,49
991,8/28/2017 0:01,26.87888889,15,Constant,49
1007,8/29/2017 8:01,24.44777778,15,Constant,49
1023,8/30/2017 16:01,25.61,15,Constant,49
1039,9/1/2017 0:01,24.35111111,15,Constant,49
1055,9/2/2017 8:01,23.77277778,15,Constant,49
1071,9/3/2017 16:01,26.68277778,15,Constant,49
1087,9/5/2017 0:01,26.585,15,Constant,49
1103,9/6/2017 8:01,23.00388889,15,Constant,49
1119,9/7/2017 16:01,23.38777778,15,Constant,49
1135,9/9/2017 0:01,23.19611111,15,Constant,49
1151,9/10/2017 8:01,21.76,15,Constant,49
1167,9/11/2017 16:01,22.62111111,15,Constant,49
1183,9/13/2017 0:01,19.66222222,15,Constant,49
1199,9/14/2017 8:01,19.56722222,15,Constant,49
1215,9/15/2017 16:01,23.77277778,15,Constant,49
1231,9/17/2017 0:01,25.22222222,15,Constant,49
1247,9/18/2017 8:01,24.835,15,Constant,49
1263,9/19/2017 16:01,27.46777778,15,Constant,49
1279,9/21/2017 0:01,26.78111111,15,Constant,49
1295,9/22/2017 8:01,26.29222222,15,Constant,49
1311,9/23/2017 16:01,28.35722222,15,Constant,49
1327,9/25/2017 0:01,27.17277778,15,Constant,49
1343,9/26/2017 8:01,25.22222222,15,Constant,49
1359,9/27/2017 16:01,27.46777778,15,Constant,49
1375,9/29/2017 0:01,26.195,15,Constant,49
1391,9/30/2017 8:01,22.23777778,15,Constant,49
1407,10/1/2017 16:01,23.1,15,Constant,49
1423,10/3/2017 0:01,22.62111111,15,Constant,49
1439,10/4/2017 8:01,22.62111111,15,Constant,49
1455,10/5/2017 16:01,24.35111111,15,Constant,49
1471,10/7/2017 0:01,23.38777778,15,Constant,49
1487,10/8/2017 8:01,23.38777778,15,Constant,49
1503,10/9/2017 16:01,25.61,15,Constant,49
1519,10/11/2017 0:01,25.90222222,15,Constant,49
1535,10/12/2017 8:01,19.75777778,15,Constant,49
1551,10/13/2017 16:01,21.28222222,15,Constant,49
1567,10/15/2017 0:01,22.42888889,15,Constant,49
1583,10/16/2017 8:01,18.80611111,15,Constant,49
1599,10/17/2017 16:01,18.80611111,15,Constant,49
1615,10/19/2017 0:01,18.42611111,15,Constant,49
1631,10/20/2017 8:01,16.14111111,15,Constant,49
1647,10/21/2017 16:01,19.28222222,15,Constant,49
1663,10/23/2017 0:01,20.04277778,15,Constant,49
1679,10/24/2017 8:01,17.09388889,15,Constant,49
1695,10/25/2017 16:01,15.855,15,Constant,49
1711,10/27/2017 0:01,16.04611111,15,Constant,49
1727,10/28/2017 8:01,13.55777778,15,Constant,49
1743,10/29/2017 16:01,13.46111111,15,Constant,49
1759,10/31/2017 0:01,13.55777778,15,Constant,49
1775,11/1/2017 8:01,14.61277778,15,Constant,49
1791,11/2/2017 16:01,16.61777778,15,Constant,49
1807,11/4/2017 0:01,19.09222222,15,Constant,49
1823,11/5/2017 8:01,18.80611111,15,Constant,49
1839,11/6/2017 16:01,20.23388889,15,Constant,49
1855,11/8/2017 0:01,18.71111111,15,Constant,49
1871,11/9/2017 8:01,14.03777778,15,Constant,49
1887,11/10/2017 16:01,14.70888889,15,Constant,49
1903,11/12/2017 0:01,13.55777778,15,Constant,49
1919,11/13/2017 8:01,13.365,15,Constant,49
1935,11/14/2017 16:01,13.75,15,Constant,49
1951,11/16/2017 0:01,13.75,15,Constant,49
1967,11/17/2017 8:01,13.84611111,15,Constant,49
1983,11/18/2017 16:01,15.855,15,Constant,49
1999,11/20/2017 0:01,13.365,15,Constant,49
2015,11/21/2017 8:01,10.25888889,15,Constant,49
2031,11/22/2017 16:01,11.52777778,15,Constant,49
2047,11/24/2017 0:01,10.06277778,15,Constant,49
2063,11/25/2017 8:01,10.16111111,15,Constant,49
2079,11/26/2017 16:01,11.23611111,15,Constant,49
2095,11/28/2017 0:01,10.84611111,15,Constant,49
2111,11/29/2017 8:01,10.65111111,15,Constant,49
2127,11/30/2017 16:01,13.26888889,15,Constant,49
2143,12/2/2017 0:01,13.07611111,15,Constant,49
2159,12/3/2017 8:01,12.49722222,15,Constant,49
2175,12/4/2017 16:01,12.98,15,Constant,49
2191,12/6/2017 0:01,13.07611111,15,Constant,49
2207,12/7/2017 8:01,10.455,15,Constant,49
2223,12/8/2017 16:01,9.767777778,15,Constant,49
2239,12/10/2017 0:01,8.282222222,15,Constant,49
5,6/6/2017 20:01,27.075,19,Constant,49
21,6/8/2017 4:01,24.44777778,19,Constant,49
37,6/9/2017 12:01,24.545,19,Constant,49
53,6/10/2017 20:01,27.37,19,Constant,49
69,6/12/2017 4:01,27.37,19,Constant,49
85,6/13/2017 12:01,28.35722222,19,Constant,49
101,6/14/2017 20:01,30.45722222,19,Constant,49
117,6/16/2017 4:01,26.78111111,19,Constant,49
133,6/17/2017 12:01,26.97722222,19,Constant,49
149,6/18/2017 20:01,28.25777778,19,Constant,49
165,6/20/2017 4:01,26.48777778,19,Constant,49
181,6/21/2017 12:01,27.46777778,19,Constant,49
197,6/22/2017 20:01,27.86222222,19,Constant,49
213,6/24/2017 4:01,25.22222222,19,Constant,49
229,6/25/2017 12:01,27.075,19,Constant,49
245,6/26/2017 20:01,26.78111111,19,Constant,49
261,6/28/2017 4:01,26.195,19,Constant,49
277,6/29/2017 12:01,27.86222222,19,Constant,49
293,6/30/2017 20:01,29.55222222,19,Constant,49
309,7/2/2017 4:01,28.85277778,19,Constant,49
325,7/3/2017 12:01,28.15888889,19,Constant,49
341,7/4/2017 20:01,29.15222222,19,Constant,49
357,7/6/2017 4:01,28.75388889,19,Constant,49
373,7/7/2017 12:01,29.55222222,19,Constant,49
389,7/8/2017 20:01,30.45722222,19,Constant,49
405,7/10/2017 4:01,28.15888889,19,Constant,49
421,7/11/2017 12:01,29.05277778,19,Constant,49
437,7/12/2017 20:01,31.06388889,19,Constant,49
453,7/14/2017 4:01,30.15388889,19,Constant,49
469,7/15/2017 12:01,30.35611111,19,Constant,49
485,7/16/2017 20:01,30.15388889,19,Constant,49
501,7/18/2017 4:01,29.25222222,19,Constant,49
517,7/19/2017 12:01,30.65888889,19,Constant,49
533,7/20/2017 20:01,32.91111111,19,Constant,49
549,7/22/2017 4:01,30.55777778,19,Constant,49
565,7/23/2017 12:01,30.55777778,19,Constant,49
581,7/24/2017 20:01,31.37,19,Constant,49
597,7/26/2017 4:01,29.45222222,19,Constant,49
613,7/27/2017 12:01,29.75222222,19,Constant,49
629,7/28/2017 20:01,29.05277778,19,Constant,49
645,7/30/2017 4:01,26.68277778,19,Constant,49
661,7/31/2017 12:01,26.97722222,19,Constant,49
677,8/1/2017 20:01,28.655,19,Constant,49
693,8/3/2017 4:01,26.97722222,19,Constant,49
709,8/4/2017 12:01,27.46777778,19,Constant,49
725,8/5/2017 20:01,29.85277778,19,Constant,49
741,8/7/2017 4:01,26.87888889,19,Constant,49
757,8/8/2017 12:01,26.09722222,19,Constant,49
773,8/9/2017 20:01,28.25777778,19,Constant,49
789,8/11/2017 4:01,27.27222222,19,Constant,49
805,8/12/2017 12:01,27.76388889,19,Constant,49
821,8/13/2017 20:01,27.86222222,19,Constant,49
837,8/15/2017 4:01,26.29222222,19,Constant,49
853,8/16/2017 12:01,28.35722222,19,Constant,49
869,8/17/2017 20:01,29.25222222,19,Constant,49
885,8/19/2017 4:01,28.35722222,19,Constant,49
901,8/20/2017 12:01,30.255,19,Constant,49
917,8/21/2017 20:01,30.35611111,19,Constant,49
933,8/23/2017 4:01,29.25222222,19,Constant,49
949,8/24/2017 12:01,27.27222222,19,Constant,49
965,8/25/2017 20:01,28.15888889,19,Constant,49
981,8/27/2017 4:01,25.90222222,19,Constant,49
997,8/28/2017 12:01,26.585,19,Constant,49
1013,8/29/2017 20:01,26.68277778,19,Constant,49
1029,8/31/2017 4:01,24.44777778,19,Constant,49
1045,9/1/2017 12:01,23.48388889,19,Constant,49
1061,9/2/2017 20:01,26.09722222,19,Constant,49
1077,9/4/2017 4:01,24.93111111,19,Constant,49
1093,9/5/2017 12:01,26.585,19,Constant,49
1109,9/6/2017 20:01,25.22222222,19,Constant,49
1125,9/8/2017 4:01,20.615,19,Constant,49
1141,9/9/2017 12:01,21.95111111,19,Constant,49
1157,9/10/2017 20:01,24.255,19,Constant,49
1173,9/12/2017 4:01,20.13777778,19,Constant,49
1189,9/13/2017 12:01,18.80611111,19,Constant,49
1205,9/14/2017 20:01,21.855,19,Constant,49
1221,9/16/2017 4:01,23.19611111,19,Constant,49
1237,9/17/2017 12:01,25.02777778,19,Constant,49
1253,9/18/2017 20:01,26.97722222,19,Constant,49
1269,9/20/2017 4:01,26.09722222,19,Constant,49
1285,9/21/2017 12:01,26.97722222,19,Constant,49
1301,9/22/2017 20:01,28.25777778,19,Constant,49
1317,9/24/2017 4:01,26.48777778,19,Constant,49
1333,9/25/2017 12:01,26.29222222,19,Constant,49
1349,9/26/2017 20:01,27.37,19,Constant,49
1365,9/28/2017 4:01,25.90222222,19,Constant,49
1381,9/29/2017 12:01,24.255,19,Constant,49
1397,9/30/2017 20:01,23.00388889,19,Constant,49
1413,10/2/2017 4:01,21.47277778,19,Constant,49
1429,10/3/2017 12:01,23.1,19,Constant,49
1445,10/4/2017 20:01,24.73777778,19,Constant,49
1461,10/6/2017 4:01,21.855,19,Constant,49
1477,10/7/2017 12:01,22.525,19,Constant,49
1493,10/8/2017 20:01,25.31888889,19,Constant,49
1509,10/10/2017 4:01,24.93111111,19,Constant,49
1525,10/11/2017 12:01,22.33277778,19,Constant,49
1541,10/12/2017 20:01,21.18722222,19,Constant,49
1557,10/14/2017 4:01,20.04277778,19,Constant,49
1573,10/15/2017 12:01,23.00388889,19,Constant,49
1589,10/16/2017 20:01,19.94777778,19,Constant,49
1605,10/18/2017 4:01,15.855,19,Constant,49
1621,10/19/2017 12:01,16.23722222,19,Constant,49
1637,10/20/2017 20:01,17.95,19,Constant,49
1653,10/22/2017 4:01,19.18722222,19,Constant,49
1669,10/23/2017 12:01,NA,19,Constant,49
1685,10/24/2017 20:01,17.665,19,Constant,49
1701,10/26/2017 4:01,14.325,19,Constant,49
1717,10/27/2017 12:01,14.42111111,19,Constant,49
1733,10/28/2017 20:01,14.325,19,Constant,49
1749,10/30/2017 4:01,11.72222222,19,Constant,49
1765,10/31/2017 12:01,11.52777778,19,Constant,49
1781,11/1/2017 20:01,14.325,19,Constant,49
1797,11/3/2017 4:01,17.09388889,19,Constant,49
1813,11/4/2017 12:01,18.80611111,19,Constant,49
1829,11/5/2017 20:01,20.23388889,19,Constant,49
1845,11/7/2017 4:01,20.23388889,19,Constant,49
1861,11/8/2017 12:01,16.33222222,19,Constant,49
1877,11/9/2017 20:01,15.56888889,19,Constant,49
1893,11/11/2017 4:01,13.365,19,Constant,49
1909,11/12/2017 12:01,12.30388889,19,Constant,49
1925,11/13/2017 20:01,14.13388889,19,Constant,49
1941,11/15/2017 4:01,13.17277778,19,Constant,49
1957,11/16/2017 12:01,13.46111111,19,Constant,49
1973,11/17/2017 20:01,13.94222222,19,Constant,49
1989,11/19/2017 4:01,15.28222222,19,Constant,49
2005,11/20/2017 12:01,8.977777778,19,Constant,49
2021,11/21/2017 20:01,9.668888889,19,Constant,49
2037,11/23/2017 4:01,9.668888889,19,Constant,49
2053,11/24/2017 12:01,7.078888889,19,Constant,49
2069,11/25/2017 20:01,10.16111111,19,Constant,49
2085,11/27/2017 4:01,10.55277778,19,Constant,49
2101,11/28/2017 12:01,8.481111111,19,Constant,49
2117,11/29/2017 20:01,10.35722222,19,Constant,49
2133,12/1/2017 4:01,13.17277778,19,Constant,49
2149,12/2/2017 12:01,11.52777778,19,Constant,49
2165,12/3/2017 20:01,12.11,19,Constant,49
2181,12/5/2017 4:01,12.69,19,Constant,49
2197,12/6/2017 12:01,10.06277778,19,Constant,49
2213,12/7/2017 20:01,9.866111111,19,Constant,49
2229,12/9/2017 4:01,6.471111111,19,Constant,49
2245,12/10/2017 12:01,5.037222222,19,Constant,49
11,6/7/2017 8:01,24.06222222,23,Drying,35
27,6/8/2017 16:01,26,23,Drying,35
43,6/10/2017 0:01,25.41611111,23,Drying,35
59,6/11/2017 8:01,24.545,23,Drying,35
75,6/12/2017 16:01,28.555,23,Drying,35
91,6/14/2017 0:01,28.85277778,23,Drying,35
107,6/15/2017 8:01,27.46777778,23,Drying,35
123,6/16/2017 16:01,28.75388889,23,Drying,28
139,6/18/2017 0:01,28.655,23,Drying,28
155,6/19/2017 8:01,25.31888889,23,Drying,28
171,6/20/2017 16:01,29.95277778,23,Drying,28
187,6/22/2017 0:01,25.805,23,Drying,28
203,6/23/2017 8:01,25.805,23,Drying,28
219,6/24/2017 16:01,29.35222222,23,Drying,28
235,6/26/2017 0:01,26.68277778,23,Drying,28
251,6/27/2017 8:01,22.62111111,23,Drying,28
267,6/28/2017 16:01,30.15388889,23,Drying,28
283,6/30/2017 0:01,27.86222222,23,Drying,28
299,7/1/2017 8:01,26.48777778,23,Drying,21
315,7/2/2017 16:01,29.25222222,23,Drying,21
331,7/4/2017 0:01,26.39,23,Drying,21
347,7/5/2017 8:01,26.78111111,23,Drying,21
363,7/6/2017 16:01,32.91111111,23,Drying,21
379,7/8/2017 0:01,30.255,23,Drying,21
395,7/9/2017 8:01,24.64111111,23,Drying,21
411,7/10/2017 16:01,33.63888889,23,Drying,21
427,7/12/2017 0:01,29.25222222,23,Drying,21
443,7/13/2017 8:01,27.075,23,Drying,21
459,7/14/2017 16:01,35.32777778,23,Drying,14
475,7/16/2017 0:01,27.17277778,23,Drying,14
491,7/17/2017 8:01,24.73777778,23,Drying,14
507,7/18/2017 16:01,35.32777778,23,Drying,14
523,7/20/2017 0:01,29.95277778,23,Drying,14
539,7/21/2017 8:01,26.48777778,23,Drying,14
555,7/22/2017 16:01,34.79611111,23,Drying,14
571,7/24/2017 0:01,29.85277778,23,Drying,14
587,7/25/2017 8:01,25.805,23,Drying,14
603,7/26/2017 16:01,35.115,23,Drying,14
619,7/28/2017 0:01,29.85277778,23,Drying,14
635,7/29/2017 8:01,25.41611111,23,Drying,14
651,7/30/2017 16:01,32.18777778,23,Drying,14
667,8/1/2017 0:01,26.87888889,23,Drying,14
683,8/2/2017 8:01,24.835,23,Drying,14
699,8/3/2017 16:01,33.63888889,23,Drying,14
715,8/5/2017 0:01,27.37,23,Drying,14
731,8/6/2017 8:01,23.67722222,23,Drying,14
747,8/7/2017 16:01,28.15888889,23,Drying,14
763,8/9/2017 0:01,26.39,23,Drying,14
779,8/10/2017 8:01,25.22222222,23,Drying,14
795,8/11/2017 16:01,31.16611111,23,Drying,14
811,8/13/2017 0:01,27.37,23,Drying,14
827,8/14/2017 8:01,25.31888889,23,Drying,14
843,8/15/2017 16:01,31.88,23,Drying,14
859,8/17/2017 0:01,28.35722222,23,Drying,14
875,8/18/2017 8:01,25.02777778,23,Drying,14
891,8/19/2017 16:01,34.37388889,23,Drying,14
907,8/21/2017 0:01,27.86222222,23,Drying,14
923,8/22/2017 8:01,25.61,23,Drying,14
939,8/23/2017 16:01,31.16611111,23,Drying,14
955,8/25/2017 0:01,25.125,23,Drying,14
971,8/26/2017 8:01,22.81222222,23,Drying,14
987,8/27/2017 16:01,28.95277778,23,Drying,14
1003,8/29/2017 0:01,24.44777778,23,Drying,14
1019,8/30/2017 8:01,23.67722222,23,Drying,14
1035,8/31/2017 16:01,24.545,23,Drying,14
1051,9/2/2017 0:01,24.15777778,23,Drying,14
1067,9/3/2017 8:01,21.09111111,23,Drying,14
1083,9/4/2017 16:01,28.95277778,23,Drying,14
1099,9/6/2017 0:01,23.00388889,23,Drying,14
1115,9/7/2017 8:01,16.99888889,23,Drying,14
1131,9/8/2017 16:01,26,23,Drying,14
1147,9/10/2017 0:01,22.14222222,23,Drying,14
1163,9/11/2017 8:01,18.14,23,Drying,14
1179,9/12/2017 16:01,18.71111111,23,Drying,14
1195,9/14/2017 0:01,19.75777778,23,Drying,14
1211,9/15/2017 8:01,20.04277778,23,Drying,14
1227,9/16/2017 16:01,28.655,23,Drying,14
1243,9/18/2017 0:01,25.61,23,Drying,14
1259,9/19/2017 8:01,23.1,23,Drying,14
1275,9/20/2017 16:01,28.85277778,23,Drying,14
1291,9/22/2017 0:01,26.68277778,23,Drying,14
1307,9/23/2017 8:01,23.19611111,23,Drying,14
1323,9/24/2017 16:01,29.65222222,23,Drying,14
1339,9/26/2017 0:01,24.93111111,23,Drying,14
1355,9/27/2017 8:01,22.33277778,23,Drying,14
1371,9/28/2017 16:01,28.85277778,23,Drying,14
1387,9/30/2017 0:01,20.99611111,23,Drying,14
1403,10/1/2017 8:01,18.42611111,23,Drying,14
1419,10/2/2017 16:01,23.58111111,23,Drying,14
1435,10/4/2017 0:01,22.90777778,23,Drying,14
1451,10/5/2017 8:01,18.61611111,23,Drying,14
1467,10/6/2017 16:01,26.09722222,23,Drying,14
1483,10/8/2017 0:01,23.86888889,23,Drying,14
1499,10/9/2017 8:01,21.855,23,Drying,14
1515,10/10/2017 16:01,28.45611111,23,Drying,14
1531,10/12/2017 0:01,19.28222222,23,Drying,14
1547,10/13/2017 8:01,16.23722222,23,Drying,14
1563,10/14/2017 16:01,25.70777778,23,Drying,14
1579,10/16/2017 0:01,19.75777778,23,Drying,14
1595,10/17/2017 8:01,13.365,23,Drying,14
1611,10/18/2017 16:01,19.85277778,23,Drying,14
1627,10/20/2017 0:01,16.42722222,23,Drying,14
1643,10/21/2017 8:01,15.37777778,23,Drying,14
1659,10/22/2017 16:01,21.28222222,23,Drying,14
1675,10/24/2017 0:01,16.61777778,23,Drying,14
1691,10/25/2017 8:01,10.74777778,23,Drying,14
1707,10/26/2017 16:01,17.37888889,23,Drying,14
1723,10/28/2017 0:01,13.17277778,23,Drying,14
1739,10/29/2017 8:01,8.878888889,23,Drying,14
1755,10/30/2017 16:01,14.42111111,23,Drying,14
1771,11/1/2017 0:01,14.325,23,Drying,14
1787,11/2/2017 8:01,16.33222222,23,Drying,14
1803,11/3/2017 16:01,22.33277778,23,Drying,14
1819,11/5/2017 0:01,19.09222222,23,Drying,14
1835,11/6/2017 8:01,19.94777778,23,Drying,14
1851,11/7/2017 16:01,19.09222222,23,Drying,14
1867,11/9/2017 0:01,13.94222222,23,Drying,14
1883,11/10/2017 8:01,10.84611111,23,Drying,14
1899,11/11/2017 16:01,13.365,23,Drying,14
1915,11/13/2017 0:01,14.23,23,Drying,14
1931,11/14/2017 8:01,10.16111111,23,Drying,14
1947,11/15/2017 16:01,14.03777778,23,Drying,14
1963,11/17/2017 0:01,13.94222222,23,Drying,14
1979,11/18/2017 8:01,15.18722222,23,Drying,14
1995,11/19/2017 16:01,12.88277778,23,Drying,14
2011,11/21/2017 0:01,9.571111111,23,Drying,14
2027,11/22/2017 8:01,9.176111111,23,Drying,14
2043,11/23/2017 16:01,9.965,23,Drying,14
2059,11/25/2017 0:01,9.767777778,23,Drying,14
2075,11/26/2017 8:01,8.581111111,23,Drying,14
2091,11/27/2017 16:01,11.13888889,23,Drying,14
2107,11/29/2017 0:01,10.06277778,23,Drying,14
2123,11/30/2017 8:01,11.13888889,23,Drying,14
2139,12/1/2017 16:01,12.98,23,Drying,14
2155,12/3/2017 0:01,12.01277778,23,Drying,14
2171,12/4/2017 8:01,10.16111111,23,Drying,14
2187,12/5/2017 16:01,13.75,23,Drying,14
2203,12/7/2017 0:01,9.571111111,23,Drying,14
2219,12/8/2017 8:01,7.381111111,23,Drying,14
2235,12/9/2017 16:01,8.282222222,23,Drying,14
