Tank,Block,InitialDensity,Date,Stocked,LarvalPeriod,Photo,Grmass,Growthrate,Mass_g,HL,SVL,TL,HW,Phenotype,AqvT
18,Block 3,33,5/18/2017,1/21/2017,117,DSC_6843,0.018547009,0.320880342,2.17,10.296,37.543,70.293,9.93,Metamorph,Terrestrial
20,Block 3,38,5/21/2017,1/21/2017,120,DSC_6854,0.008783333,0.262341667,1.054,8.846,31.481,55.897,8.308,Metamorph,Terrestrial
37,Block 5,18,5/21/2017,1/24/2017,117,DSC_6855,0.01682906,0.281461538,1.969,10.445,32.931,65.063,9.524,Metamorph,Terrestrial
36,Block 5,28,5/24/2017,1/24/2017,120,DSC_6861,0.0156,0.2935,1.872,9.401,35.22,69.309,9.558,Metamorph,Terrestrial
18,Block 3,33,5/25/2017,1/21/2017,124,DSC_6864,0.019870968,0.310959677,2.464,10.566,38.559,74.486,10.617,Metamorph,Terrestrial
23,Block 3,18,5/25/2017,1/21/2017,124,DSC_6865,0.016008065,0.282951613,1.985,10,35.086,66.12,9.494,Metamorph,Terrestrial
36,Block 5,28,5/25/2017,1/24/2017,121,DSC_6866,0.011826446,0.27761157,1.431,9.71,33.591,64.217,9.308,Metamorph,Terrestrial
36,Block 5,28,5/25/2017,1/24/2017,121,DSC_6867,0.014371901,0.311173554,1.739,10.041,37.652,66.847,9.425,Metamorph,Terrestrial
34,Block 5,23,5/28/2017,1/24/2017,124,DSC_6884,0.011580645,0.272491935,1.436,9.452,33.789,61.777,8.816,Metamorph,Terrestrial
23,Block 3,18,5/28/2017,1/21/2017,127,DSC_6891,0.015417323,0.294456693,1.958,9.738,37.396,69.278,9.991,Metamorph,Terrestrial
30,Block 4,13,5/28/2017,1/24/2017,124,DSC_6892,0.017024194,0.300548387,2.111,10.821,37.268,69.437,10.106,Metamorph,Terrestrial
39,Block 5,13,5/28/2017,1/24/2017,124,DSC_6893,0.029354839,0.368685484,3.64,12.645,45.717,85.287,11.379,Metamorph,Terrestrial
32,Block 4,38,5/28/2017,1/24/2017,124,DSC_6898,0.025903226,0.343991935,3.212,12.114,42.655,82.106,11.098,Metamorph,Terrestrial
23,Block 3,18,5/31/2017,1/21/2017,130,DSC_6916,0.017484615,0.286938462,2.273,9.197,37.302,71.474,10.063,Metamorph,Terrestrial
36,Block 5,28,5/31/2017,1/24/2017,127,DSC_6917,0.012818898,0.273937008,1.628,10.469,34.79,64.544,9.196,Metamorph,Terrestrial
34,Block 5,23,6/3/2017,1/24/2017,130,DSC_6932,0.011792308,0.255253846,1.533,9.611,33.183,61.077,9.045,Metamorph,Terrestrial
4,Block 1,28,6/7/2017,1/20/2017,138,DSC_6951,0.005652174,0.221101449,0.78,8.489,30.512,51.487,7.849,Metamorph,Terrestrial
25,Block 4,23,6/7/2017,1/24/2017,134,DSC_6952,0.009649254,0.247059701,1.293,9.544,33.106,59.828,8.66,Metamorph,Terrestrial
16,Block 2,18,6/10/2017,1/21/2017,140,DSC_6963,0.012578571,0.263235714,1.761,9.532,36.853,61.701,9.616,Metamorph,Terrestrial
31,Block 4,8,6/10/2017,1/24/2017,137,DSC_6964,0.02380292,0.304773723,3.261,11.585,41.754,76.145,10.814,Metamorph,Terrestrial
37,Block 5,18,6/10/2017,1/24/2017,137,DSC_6965,0.01249635,0.254291971,1.712,9.927,34.838,64.899,9.232,Metamorph,Terrestrial
23,Block 3,18,6/16/2017,1/21/2017,146,DSC_7000,0.014246575,0.270493151,2.08,9.311,39.492,70.092,9.904,Metamorph,Terrestrial
15,Block 2,8,6/19/2017,1/21/2017,149,DSC_7006,0.020644295,0.258234899,3.076,11.463,38.477,77.702,10.311,Metamorph,Terrestrial
20,Block 3,38,6/22/2017,1/21/2017,152,DSC_7025,0.0085,0.220052632,1.292,8.548,33.448,61.092,8.864,Metamorph,Terrestrial
17,Block 3,3,6/22/2017,1/21/2017,152,DSC_7026,0.034368421,0.325618421,5.224,11.936,49.494,95.727,12.184,Metamorph,Terrestrial
16,Block 2,18,6/25/2017,1/21/2017,155,DSC_7045,0.014767742,0.237116129,2.289,10.741,36.753,65.427,9.105,Metamorph,Terrestrial
26,Block 4,28,6/25/2017,1/24/2017,152,DSC_7046,0.008019737,0.217611842,1.219,8.645,33.077,61.656,8.982,Metamorph,Terrestrial
14,Block 2,38,6/28/2017,1/21/2017,158,DSC_7055,0.039512658,0.323012658,6.243,13.715,51.036,97.04,12.823,Metamorph,Terrestrial
20,Block 3,38,7/2/2017,1/21/2017,162,DSC_7066,#VALUE!,0.20491358,NA,NA,33.196,60.16,NA,Metamorph,Terrestrial
13,Block 2,3,7/2/2017,1/21/2017,162,DSC_7067,0.033611111,0.301537037,5.445,13.36,48.849,96.295,11.959,Metamorph,Terrestrial
2,Block 1,8,7/19/2017,1/20/2017,180,DSC_7131,0.023577778,0.245416667,4.244,11.176,44.175,83.109,11.464,Metamorph,Terrestrial
12,Block 2,28,9/7/2017,1/21/2017,229,DSC_7180,0.006244541,0.133742358,1.43,10.331,30.627,58.38,8.801,Metamorph,Terrestrial
7,Block 1,23,9/19/2017,1/20/2017,242,DSC_7206,0.010446281,0.154644628,2.528,10.84,37.424,72.564,10.069,Metamorph,Terrestrial
7,Block 1,23,9/19/2017,1/20/2017,242,DSC_7207,0.010268595,0.157190083,2.485,10.954,38.04,74.205,10.069,Metamorph,Terrestrial
13,Block 2,3,9/19/2017,1/21/2017,241,DSC_7208,0.032240664,0.218721992,7.77,13.754,52.712,115.674,12.743,Metamorph,Terrestrial
34,Block 5,23,9/19/2017,1/24/2017,238,DSC_7209,0.013554622,0.171310924,3.226,11.093,40.772,77.758,10.712,Metamorph,Terrestrial
14,Block 2,38,9/19/2017,1/21/2017,241,DSC_7210,0.034315353,0.235593361,8.27,13.356,56.778,109.644,13.41,Metamorph,Terrestrial
36,Block 5,28,9/19/2017,1/24/2017,238,DSC_7212,0.012852941,0.172310924,3.059,11.886,41.01,78.094,10.638,Metamorph,Terrestrial
6,Block 1,18,9/23/2017,1/20/2017,246,DSC_7225,0.006264228,0.136434959,1.541,10.403,33.563,60.654,9.03,Metamorph,Terrestrial
16,Block 2,18,9/23/2017,1/21/2017,245,DSC_7226,0.010767347,0.174,2.638,10.356,42.63,78.894,10.47,Metamorph,Terrestrial
17,Block 3,3,9/23/2017,1/21/2017,245,DSC_7227,0.026314286,0.214873469,6.447,13.938,52.644,98.425,12.554,Metamorph,Terrestrial
15,Block 2,8,9/27/2017,1/21/2017,249,DSC_7276,0.017180723,0.180072289,4.278,11.811,44.838,89.166,12.014,Metamorph,Terrestrial
26,Block 4,28,9/27/2017,1/24/2017,246,DSC_7277,0.007747967,0.138979675,1.906,9.793,34.189,66.953,9.15,Metamorph,Terrestrial
36,Block 5,28,9/27/2017,1/24/2017,246,DSC_7278,0.012902439,0.180325203,3.174,12.23,44.36,83.466,11.276,Metamorph,Terrestrial
26,Block 4,28,10/3/2017,1/24/2017,252,DSC_7276,0.007063492,0.140277778,1.78,9.685,35.35,66.14,9.42,Metamorph,Terrestrial
31,Block 4,8,10/20/2017,1/24/2017,269,DSC_7294,0.026914498,0.193821561,7.24,13.723,52.138,106.682,12.586,Metamorph,Terrestrial
33,Block 5,3,10/28/2017,1/24/2017,277,DSC_7295,0.045090253,0.219545126,12.49,13.714,60.814,123.834,14.32,Metamorph,Terrestrial
2,Block 1,8,12/14/2017,1/20/2017,328,DSC_7859,0.02392378,0.15845122,7.847,14.867,51.972,109.093,12.715,Paedomorph,Aquatic
3,Block 1,33,12/14/2017,1/20/2017,328,DSC_ 7860,0.004131098,0.100597561,1.355,8.657,32.996,63.95,7.88,Larva,Aquatic
3,Block 1,33,12/14/2017,1/20/2017,328,DSC_ 7861,0.004512195,0.093768293,1.48,9.761,30.756,60.091,8.436,Larva,Aquatic
3,Block 1,33,12/14/2017,1/20/2017,328,DSC_ 7862,0.005329268,0.110085366,1.748,10.472,36.108,66.201,9.017,Larva,Aquatic
3,Block 1,33,12/14/2017,1/20/2017,328,DSC_ 7863,0.004560976,0.100219512,1.496,9.549,32.872,66.232,8.611,Larva,Aquatic
3,Block 1,33,12/14/2017,1/20/2017,328,DSC_ 7864,0.005246951,0.107222561,1.721,9.995,35.169,70.586,8.152,Larva,Aquatic
3,Block 1,33,12/14/2017,1/20/2017,328,DSC_ 7865,0.003064024,0.083920732,1.005,9.014,27.526,50.916,7.872,Larva,Aquatic
3,Block 1,33,12/14/2017,1/20/2017,328,DSC_ 7866,0.005112805,0.102301829,1.677,9.938,33.555,68.884,8.753,Larva,Aquatic
3,Block 1,33,12/14/2017,1/20/2017,328,DSC_ 7867,0.00529878,0.104362805,1.738,10.34,34.231,64.964,8.987,Larva,Aquatic
3,Block 1,33,12/14/2017,1/20/2017,328,DSC_ 7868,0.004573171,0.09352439,1.5,8.293,30.676,62.637,7.786,Larva,Aquatic
3,Block 1,33,12/14/2017,1/20/2017,328,DSC_ 7869,0.005304878,0.105256098,1.74,9.851,34.524,68.552,8.889,Larva,Aquatic
3,Block 1,33,12/14/2017,1/20/2017,328,DSC_ 7870,0.004564024,0.100060976,1.497,9.24,32.82,67.778,8.516,Larva,Aquatic
3,Block 1,33,12/14/2017,1/20/2017,328,DSC_ 7871,0.004118902,0.101740854,1.351,9.771,33.371,65.003,8.388,Larva,Aquatic
3,Block 1,33,12/14/2017,1/20/2017,328,DSC_ 7872,0.004539634,0.101335366,1.489,9.726,33.238,64.534,8.567,Larva,Aquatic
3,Block 1,33,12/14/2017,1/20/2017,328,DSC_ 7873,0.004679878,0.100134146,1.535,9.359,32.844,63.48,8.239,Larva,Aquatic
3,Block 1,33,12/14/2017,1/20/2017,328,DSC_ 7874,0.005539634,0.108560976,1.817,11.047,35.608,68.776,9.297,Larva,Aquatic
3,Block 1,33,12/14/2017,1/20/2017,328,DSC_ 7875,0.004295732,0.097246951,1.409,9.74,31.897,61.298,8.244,Larva,Aquatic
3,Block 1,33,12/14/2017,1/20/2017,328,DSC_ 7876,0.005307927,0.109402439,1.741,10.971,35.884,67.995,9.084,Larva,Aquatic
3,Block 1,33,12/14/2017,1/20/2017,328,DSC_ 7877,0.004740854,0.092884146,1.555,9.128,30.466,62.752,8.247,Larva,Aquatic
3,Block 1,33,12/14/2017,1/20/2017,328,DSC_ 7878,0.004365854,0.095945122,1.432,8.553,31.47,62.328,7.588,Larva,Aquatic
3,Block 1,33,12/14/2017,1/20/2017,328,DSC_ 7879,0.00567378,0.103487805,1.861,9.115,33.944,65.215,9.21,Larva,Aquatic
3,Block 1,33,12/14/2017,1/20/2017,328,DSC_ 7881,0.004320122,0.097722561,1.417,9.756,32.053,60.449,7.958,Larva,Aquatic
3,Block 1,33,12/14/2017,1/20/2017,328,DSC_ 7882,0.00575,0.109231707,1.886,10.322,35.828,66.715,8.902,Larva,Aquatic
3,Block 1,33,12/14/2017,1/20/2017,328,DSC_ 7883,0.005402439,0.103429878,1.772,9.708,33.925,62.951,8.562,Larva,Aquatic
3,Block 1,33,12/14/2017,1/20/2017,328,DSC_ 7884,0.004969512,0.10389939,1.63,10.187,34.079,65.939,8.836,Larva,Aquatic
3,Block 1,33,12/14/2017,1/20/2017,328,DSC_ 7885,0.005088415,0.101265244,1.669,10.351,33.215,64.506,8.685,Larva,Aquatic
3,Block 1,33,12/14/2017,1/20/2017,328,DSC_ 7886,0.002301829,0.084768293,0.755,8.537,27.804,51.734,7.311,Larva,Aquatic
3,Block 1,33,12/14/2017,1/20/2017,328,DSC_ 7887,0.005304878,0.10014939,1.74,9.858,32.849,65.552,8.382,Larva,Aquatic
3,Block 1,33,12/14/2017,1/20/2017,328,DSC_ 7888,0.004509146,0.094506098,1.479,9.368,30.998,64.551,8.125,Larva,Aquatic
3,Block 1,33,12/14/2017,1/20/2017,328,DSC_ 7889,0.003631098,0.096743902,1.191,9.413,31.732,61.092,7.718,Larva,Aquatic
3,Block 1,33,12/14/2017,1/20/2017,328,DSC_ 7890,0.004009146,0.096905488,1.315,9.587,31.785,58.816,8.039,Larva,Aquatic
4,Block 1,28,12/14/2017,1/20/2017,328,DSC_ 7891,0.004634146,0.101115854,1.52,9.572,33.166,60.316,8.656,Larva,Aquatic
4,Block 1,28,12/14/2017,1/20/2017,328,DSC_ 7892,0.005134146,0.105935976,1.684,10.851,34.747,65.321,8.846,Larva,Aquatic
4,Block 1,28,12/14/2017,1/20/2017,328,DSC_ 7893,0.004402439,0.098609756,1.444,9.625,32.344,59.916,8.256,Larva,Aquatic
4,Block 1,28,12/14/2017,1/20/2017,328,DSC_ 7894,0.004490854,0.09904878,1.473,9.795,32.488,64.283,8.531,Larva,Aquatic
4,Block 1,28,12/14/2017,1/20/2017,328,DSC_ 7895,0.004064024,0.099536585,1.333,9.654,32.648,64.358,8.387,Larva,Aquatic
4,Block 1,28,12/14/2017,1/20/2017,328,DSC_ 7896,0.004667683,0.100393293,1.531,9.723,32.929,62.466,8.625,Larva,Aquatic
4,Block 1,28,12/14/2017,1/20/2017,328,DSC_ 7897,0.005945122,0.108573171,1.95,10.424,35.612,66.659,8.579,Larva,Aquatic
4,Block 1,28,12/14/2017,1/20/2017,328,DSC_ 7898,0.004219512,0.099365854,1.384,9.403,32.592,61.699,8.257,Larva,Aquatic
4,Block 1,28,12/14/2017,1/20/2017,328,DSC_ 7899,0.003868902,0.09339939,1.269,8.318,30.635,60.262,7.987,Larva,Aquatic
4,Block 1,28,12/14/2017,1/20/2017,328,DSC_ 7900,0.003579268,0.090698171,1.174,8.697,29.749,59.806,8.304,Larva,Aquatic
4,Block 1,28,12/14/2017,1/20/2017,328,DSC_ 7901,0.002359756,0.090189024,0.774,8.146,29.582,47.076,7.346,Larva,Aquatic
4,Block 1,28,12/14/2017,1/20/2017,328,DSC_ 7902,0.004984756,0.100432927,1.635,10.026,32.942,65.543,8.712,Larva,Aquatic
4,Block 1,28,12/14/2017,1/20/2017,328,DSC_ 7904,0.004832317,0.09967378,1.585,10.078,32.693,58.706,8.649,Larva,Aquatic
4,Block 1,28,12/14/2017,1/20/2017,328,DSC_ 7905,0.004204268,0.091429878,1.379,8.059,29.989,58.88,8.225,Larva,Aquatic
4,Block 1,28,12/14/2017,1/20/2017,328,DSC_ 7906,0.004795732,0.106033537,1.573,10.728,34.779,62.841,8.846,Larva,Aquatic
4,Block 1,28,12/14/2017,1/20/2017,328,DSC_ 7907,0.004631098,0.102722561,1.519,10.078,33.693,65.25,8.636,Larva,Aquatic
4,Block 1,28,12/14/2017,1/20/2017,328,DSC_ 7908,0.003591463,0.08645122,1.178,8.523,28.356,49.223,7.652,Larva,Aquatic
4,Block 1,28,12/14/2017,1/20/2017,328,DSC_ 7910,0.004539634,0.097481707,1.489,8.94,31.974,61.102,7.954,Larva,Aquatic
4,Block 1,28,12/14/2017,1/20/2017,328,DSC_ 7911,0.00425,0.100771341,1.394,9.07,33.053,60.122,8.175,Larva,Aquatic
4,Block 1,28,12/14/2017,1/20/2017,328,DSC_ 7912,0.00292378,0.086439024,0.959,7.811,28.352,55.459,7.84,Larva,Aquatic
4,Block 1,28,12/14/2017,1/20/2017,328,DSC_ 7913,0.004384146,0.098176829,1.438,9.071,32.202,63.716,8.602,Larva,Aquatic
4,Block 1,28,12/14/2017,1/20/2017,328,DSC_ 7914,0.004789634,0.098405488,1.571,9.547,32.277,63.165,8.351,Larva,Aquatic
4,Block 1,28,12/14/2017,1/20/2017,328,DSC_ 7915,0.00195122,0.08272561,0.64,7.798,27.134,47.923,7.01,Larva,Aquatic
4,Block 1,28,12/14/2017,1/20/2017,328,DSC_ 7916,0.003658537,0.094682927,1.2,8.787,31.056,59.591,7.706,Larva,Aquatic
4,Block 1,28,12/14/2017,1/20/2017,328,DSC_ 7917,0.00454878,0.099990854,1.492,9.508,32.797,67.874,8.59,Larva,Aquatic
4,Block 1,28,12/14/2017,1/20/2017,328,DSC_ 7918,0.003832317,0.094347561,1.257,8.908,30.946,60.428,8.079,Larva,Aquatic
5,Block 1,38,12/14/2017,1/20/2017,328,DSC_ 7919,0.003685976,0.095310976,1.209,9.328,31.262,63.042,8.227,Larva,Aquatic
5,Block 1,38,12/14/2017,1/20/2017,328,DSC_ 7920,0.00339939,0.093801829,1.115,8.423,30.767,59.181,7.812,Larva,Aquatic
5,Block 1,38,12/14/2017,1/20/2017,328,DSC_ 7921,0.003914634,0.096189024,1.284,8.837,31.55,62.719,8.122,Larva,Aquatic
5,Block 1,38,12/14/2017,1/20/2017,328,DSC_ 7922,0.004762195,0.099216463,1.562,9.327,32.543,57.117,8.492,Larva,Aquatic
5,Block 1,38,12/14/2017,1/20/2017,328,DSC_ 7923,0.004466463,0.098637195,1.465,8.855,32.353,62.217,8.05,Larva,Aquatic
5,Block 1,38,12/14/2017,1/20/2017,328,DSC_ 7924,0.004829268,0.10885061,1.584,10.182,35.703,64.547,8.633,Larva,Aquatic
5,Block 1,38,12/14/2017,1/20/2017,328,DSC_ 7925,0.004637195,0.100509146,1.521,9.61,32.967,57.238,7.84,Larva,Aquatic
5,Block 1,38,12/14/2017,1/20/2017,328,DSC_ 7926,0.004560976,0.105292683,1.496,10.132,34.536,60.888,8.506,Larva,Aquatic
5,Block 1,38,12/14/2017,1/20/2017,328,DSC_ 7927,0.004067073,0.094844512,1.334,9.295,31.109,60.451,8.84,Larva,Aquatic
5,Block 1,38,12/14/2017,1/20/2017,328,DSC_ 7928,0.003914634,0.093545732,1.284,9.158,30.683,58.937,8.242,Larva,Aquatic
5,Block 1,38,12/14/2017,1/20/2017,328,DSC_ 7929,0.00379878,0.097213415,1.246,9.609,31.886,59.395,7.607,Larva,Aquatic
5,Block 1,38,12/14/2017,1/20/2017,328,DSC_ 7930,0.003344512,0.094521341,1.097,8.989,31.003,57.255,8.406,Larva,Aquatic
5,Block 1,38,12/14/2017,1/20/2017,328,DSC_ 7931,0.004612805,0.104618902,1.513,10.554,34.315,64.211,8.412,Larva,Aquatic
5,Block 1,38,12/14/2017,1/20/2017,328,DSC_ 7932,0.004335366,0.096478659,1.422,9.529,31.645,61.439,7.814,Larva,Aquatic
5,Block 1,38,12/14/2017,1/20/2017,328,DSC_ 7933,0.004027439,0.095865854,1.321,9.834,31.444,59.479,8.305,Larva,Aquatic
5,Block 1,38,12/14/2017,1/20/2017,328,DSC_ 7934,0.004631098,0.094609756,1.519,10.23,31.032,62.657,8.392,Larva,Aquatic
5,Block 1,38,12/14/2017,1/20/2017,328,DSC_ 7935,0.004625,0.104368902,1.517,9.788,34.233,65.012,8.836,Larva,Aquatic
5,Block 1,38,12/14/2017,1/20/2017,328,DSC_ 7936,0.004243902,0.104219512,1.392,10.101,34.184,60.052,8.457,Larva,Aquatic
5,Block 1,38,12/14/2017,1/20/2017,328,DSC_ 7937,0.003762195,0.092134146,1.234,8.812,30.22,56.241,7.901,Larva,Aquatic
5,Block 1,38,12/14/2017,1/20/2017,328,DSC_ 7938,0.004128049,0.097207317,1.354,9.467,31.884,62.555,8.015,Larva,Aquatic
5,Block 1,38,12/14/2017,1/20/2017,328,DSC_ 7939,0.004115854,0.096015244,1.35,8.65,31.493,64.974,7.87,Larva,Aquatic
5,Block 1,38,12/14/2017,1/20/2017,328,DSC_ 7940,0.00372561,0.091268293,1.222,8.787,29.936,59.425,7.872,Larva,Aquatic
5,Block 1,38,12/14/2017,1/20/2017,328,DSC_ 7941,0.004579268,0.09504878,1.502,9.118,31.176,62.926,8.365,Larva,Aquatic
5,Block 1,38,12/14/2017,1/20/2017,328,DSC_ 7942,0.003890244,0.096881098,1.276,8.405,31.777,59.365,7.921,Larva,Aquatic
5,Block 1,38,12/14/2017,1/20/2017,328,DSC_ 7943,0.004167683,0.098390244,1.367,9.134,32.272,59.205,8.169,Larva,Aquatic
5,Block 1,38,12/14/2017,1/20/2017,328,DSC_ 7944,0.004143293,0.099780488,1.359,9.392,32.728,57.657,8.083,Larva,Aquatic
5,Block 1,38,12/14/2017,1/20/2017,328,DSC_ 7945,0.003917683,0.098393293,1.285,9.213,32.273,62.69,8.51,Larva,Aquatic
5,Block 1,38,12/14/2017,1/20/2017,328,DSC_ 7946,0.003646341,0.092408537,1.196,8.918,30.31,58.614,7.461,Larva,Aquatic
5,Block 1,38,12/14/2017,1/20/2017,328,DSC_ 7947,0.003603659,0.094414634,1.182,8.491,30.968,59.028,8.059,Larva,Aquatic
5,Block 1,38,12/14/2017,1/20/2017,328,DSC_ 7948,0.00395122,0.097743902,1.296,9.217,32.06,63.398,7.983,Larva,Aquatic
5,Block 1,38,12/14/2017,1/20/2017,328,DSC_ 7949,0.003542683,0.092246951,1.162,8.578,30.257,55.161,7.633,Larva,Aquatic
5,Block 1,38,12/14/2017,1/20/2017,328,DSC_ 7950,0.003908537,0.09572561,1.282,8.238,31.398,60.33,7.844,Larva,Aquatic
5,Block 1,38,12/14/2017,1/20/2017,328,DSC_ 7951,0.003868902,0.095835366,1.269,9.143,31.434,60.182,8.024,Larva,Aquatic
6,Block 1,18,12/14/2017,1/20/2017,328,DSC_ 7952,0.004996951,0.104539634,1.639,9.057,34.289,66.548,8.791,Larva,Aquatic
6,Block 1,18,12/14/2017,1/20/2017,328,DSC_ 7953,0.005582317,0.100365854,1.831,9.929,32.92,68.255,9.15,Larva,Aquatic
6,Block 1,18,12/14/2017,1/20/2017,328,DSC_ 7954,0.006128049,0.107432927,2.01,9.963,35.238,71.949,9.313,Larva,Aquatic
6,Block 1,18,12/14/2017,1/20/2017,328,DSC_ 7955,0.00557622,0.108679878,1.829,10.95,35.647,70.158,9.341,Larva,Aquatic
6,Block 1,18,12/14/2017,1/20/2017,328,DSC_ 7956,0.004448171,0.103506098,1.459,9.38,33.95,63.665,8.477,Larva,Aquatic
6,Block 1,18,12/14/2017,1/20/2017,328,DSC_ 7957,0.005972561,0.109865854,1.959,10.269,36.036,72.325,9.28,Larva,Aquatic
6,Block 1,18,12/14/2017,1/20/2017,328,DSC_ 7958,0.004969512,0.101652439,1.63,9.913,33.342,68.463,8.836,Larva,Aquatic
6,Block 1,18,12/14/2017,1/20/2017,328,DSC_ 7959,0.005719512,0.103637195,1.876,9.734,33.993,71.199,8.847,Larva,Aquatic
6,Block 1,18,12/14/2017,1/20/2017,328,DSC_ 7960,0.00517378,0.100978659,1.697,8.657,33.121,66.553,9.012,Larva,Aquatic
6,Block 1,18,12/14/2017,1/20/2017,328,DSC_ 7961,0.005140244,0.10170122,1.686,9.741,33.358,70.704,9.103,Larva,Aquatic
6,Block 1,18,12/14/2017,1/20/2017,328,DSC_ 7962,0.005542683,0.108530488,1.818,9.756,35.598,73.27,8.566,Larva,Aquatic
6,Block 1,18,12/14/2017,1/20/2017,328,DSC_ 7963,0.004637195,0.104509146,1.521,8.936,34.279,66.365,8.509,Larva,Aquatic
6,Block 1,18,12/14/2017,1/20/2017,328,DSC_ 7964,0.005832317,0.106515244,1.913,9.737,34.937,72.323,9.236,Larva,Aquatic
6,Block 1,18,12/14/2017,1/20/2017,328,DSC_ 7965,0.004810976,0.10245122,1.578,9.739,33.604,68.551,8.693,Larva,Aquatic
6,Block 1,18,12/14/2017,1/20/2017,328,DSC_ 7966,0.004530488,0.102768293,1.486,9.361,33.708,61.844,8.802,Larva,Aquatic
7,Block 1,23,12/14/2017,1/20/2017,328,DSC_ 7967,0.009195122,0.125125,3.016,11.204,41.041,83.891,9.953,Larva,Aquatic
7,Block 1,23,12/14/2017,1/20/2017,328,DSC_ 7968,0.009210366,0.122429878,3.021,11.095,40.157,82.01,10.361,Larva,Aquatic
7,Block 1,23,12/14/2017,1/20/2017,328,DSC_7969,0.008375,0.121158537,2.747,9.425,39.74,79.374,9.307,Paedomorph,Aquatic
7,Block 1,23,12/14/2017,1/20/2017,328,DSC_ 7970,0.009454268,0.121003049,3.101,9.905,39.689,80.143,10.05,Paedomorph,Aquatic
7,Block 1,23,12/14/2017,1/20/2017,328,DSC_ 7971,0.011128049,0.133920732,3.65,11.313,43.926,88.386,10.439,Larva,Aquatic
7,Block 1,23,12/14/2017,1/20/2017,328,DSC_ 7972,0.010237805,0.129771341,3.358,11.481,42.565,84.376,10.725,Larva,Aquatic
7,Block 1,23,12/14/2017,1/20/2017,328,DSC_ 7973,0.008615854,0.117484756,2.826,9.897,38.535,78.274,9.493,Paedomorph,Aquatic
7,Block 1,23,12/14/2017,1/20/2017,328,DSC_ 7974,0.010685976,0.131271341,3.505,12.039,43.057,86.271,10.236,Larva,Aquatic
7,Block 1,23,12/14/2017,1/20/2017,328,DSC_ 7975,0.009198171,0.128762195,3.017,10.865,42.234,84.169,10.393,Larva,Aquatic
7,Block 1,23,12/14/2017,1/20/2017,328,DSC_ 7976,0.008189024,0.115646341,2.686,10.354,37.932,78.468,9.8,Paedomorph,Aquatic
7,Block 1,23,12/14/2017,1/20/2017,328,DSC_7977,0.002143293,0.091722561,0.703,8.567,30.085,45.389,7.39,Larva,Aquatic
8,Block 1,3,12/14/2017,1/20/2017,328,DSC_7978,0.023390244,0.162939024,7.672,12.845,53.444,108.277,13.092,Paedomorph,Aquatic
8,Block 1,3,12/14/2017,1/20/2017,328,DSC_7979,0.024832317,0.179027439,8.145,14.341,58.721,120.318,13.426,Paedomorph,Aquatic
10,Block 2,33,12/15/2017,1/21/2017,328,DSC_7980,0.002920732,0.084695122,0.958,NA,27.78,NA,NA,Larva,Aquatic
10,Block 2,33,12/15/2017,1/21/2017,328,DSC_7981,0.00257622,0.084091463,0.845,7.471,27.582,50.68,7.271,Larva,Aquatic
10,Block 2,33,12/15/2017,1/21/2017,328,DSC_7982,0.002713415,0.082914634,0.89,8.22,27.196,51.318,7.461,Larva,Aquatic
10,Block 2,33,12/15/2017,1/21/2017,328,DSC_7983,0.002731707,0.084152439,0.896,8.075,27.602,53.124,7.677,Larva,Aquatic
10,Block 2,33,12/15/2017,1/21/2017,328,DSC_7984,0.002719512,0.088740854,0.892,7.925,29.107,53.669,7.491,Larva,Aquatic
10,Block 2,33,12/15/2017,1/21/2017,328,DSC_7985,0.003088415,0.086945122,1.013,8.821,28.518,54.693,8.072,Larva,Aquatic
10,Block 2,33,12/15/2017,1/21/2017,328,DSC_7986,0.002506098,0.085783537,0.822,8.088,28.137,52.861,7.041,Larva,Aquatic
10,Block 2,33,12/15/2017,1/21/2017,328,DSC_7987,0.00327439,0.085704268,1.074,8.174,28.111,56.336,7.462,Larva,Aquatic
10,Block 2,33,12/15/2017,1/21/2017,328,DSC_7988,0.002966463,0.088310976,0.973,8.817,28.966,52.698,7.17,Larva,Aquatic
10,Block 2,33,12/15/2017,1/21/2017,328,DSC_7989,0.002615854,0.078585366,0.858,8.177,25.776,47.216,7.172,Larva,Aquatic
10,Block 2,33,12/15/2017,1/21/2017,328,DSC_7990,0.004518293,0.107996951,1.482,9.774,35.423,63.186,8.709,Larva,Aquatic
10,Block 2,33,12/15/2017,1/21/2017,328,DSC_7991,0.002810976,0.079204268,0.922,7.585,25.979,52.914,7.22,Larva,Aquatic
10,Block 2,33,12/15/2017,1/21/2017,328,DSC_7992,0.002698171,0.086073171,0.885,7.212,28.232,53.011,7.126,Larva,Aquatic
10,Block 2,33,12/15/2017,1/21/2017,328,DSC_7993,0.002655488,0.086347561,0.871,8.494,28.322,52.013,7.32,Larva,Aquatic
10,Block 2,33,12/15/2017,1/21/2017,328,DSC_7994,0.002384146,0.076731707,0.782,7.758,25.168,49.879,7.338,Larva,Aquatic
10,Block 2,33,12/15/2017,1/21/2017,328,DSC_7995,0.002932927,0.084707317,0.962,7.64,27.784,55.709,7.261,Larva,Aquatic
10,Block 2,33,12/15/2017,1/21/2017,328,DSC_7996,0.002716463,0.081347561,0.891,7.767,26.682,53.344,6.795,Larva,Aquatic
10,Block 2,33,12/15/2017,1/21/2017,328,DSC_7997,0.002332317,0.080503049,0.765,7.718,26.405,50.414,7.14,Larva,Aquatic
10,Block 2,33,12/15/2017,1/21/2017,328,DSC_7998,0.002554878,0.084112805,0.838,7.88,27.589,52.029,7.107,Larva,Aquatic
10,Block 2,33,12/15/2017,1/21/2017,328,DSC_7999,0.00242378,0.081515244,0.795,7.508,26.737,54.11,7.194,Larva,Aquatic
10,Block 2,33,12/15/2017,1/21/2017,328,DSC_8000,0.00267378,0.081405488,0.877,6.838,26.701,51.194,7.035,Larva,Aquatic
10,Block 2,33,12/15/2017,1/21/2017,328,DSC_8001,0.002878049,0.085762195,0.944,8.344,28.13,56.482,7.356,Larva,Aquatic
10,Block 2,33,12/15/2017,1/21/2017,328,DSC_8002,0.00252439,0.077268293,0.828,7.536,25.344,48.298,6.935,Larva,Aquatic
10,Block 2,33,12/15/2017,1/21/2017,328,DSC_8003,0.001512195,0.078362805,0.496,6.961,25.703,42.55,6.246,Larva,Aquatic
11,Block 2,13,12/15/2017,1/21/2017,328,DSC_8004,0.007902439,0.124810976,2.592,11.283,40.938,83.734,10.214,Larva,Aquatic
11,Block 2,13,12/15/2017,1/21/2017,328,DSC_8005,0.008783537,0.128734756,2.881,12.448,42.225,83.246,10.725,Larva,Aquatic
11,Block 2,13,12/15/2017,1/21/2017,328,DSC_8006,0.007003049,0.123768293,2.297,11.354,40.596,79.136,9.344,Larva,Aquatic
11,Block 2,13,12/15/2017,1/21/2017,328,DSC_8007,0.007512195,0.122835366,2.464,11.387,40.29,80.984,10.052,Larva,Aquatic
11,Block 2,13,12/15/2017,1/21/2017,328,DSC_8008,0.006881098,0.118280488,2.257,10.33,38.796,75.251,9.685,Larva,Aquatic
11,Block 2,13,12/15/2017,1/21/2017,328,DSC_8009,0.006896341,0.10695122,2.262,9.449,35.08,71.593,8.671,Larva,Aquatic
11,Block 2,13,12/15/2017,1/21/2017,328,DSC_8010,0.007106707,0.116402439,2.331,11.271,38.18,78.494,9.853,Larva,Aquatic
11,Block 2,13,12/15/2017,1/21/2017,328,DSC_8011,0.006896341,0.117320122,2.262,10.078,38.481,79.299,9.363,Paedomorph,Aquatic
11,Block 2,13,12/15/2017,1/21/2017,328,DSC_8012,0.006838415,0.114137195,2.243,10.384,37.437,78.612,9.496,Larva,Aquatic
11,Block 2,13,12/15/2017,1/21/2017,328,DSC_8013,0.007445122,0.121795732,2.442,10.929,39.949,80.172,10.169,Larva,Aquatic
11,Block 2,13,12/15/2017,1/21/2017,328,DSC_8014,0.007030488,0.120094512,2.306,11.122,39.391,70.147,10.158,Larva,Aquatic
12,Block 2,28,12/15/2017,1/21/2017,328,DSC_8015,0.005182927,0.102320122,1.7,9.147,33.561,66.892,8.377,Larva,Aquatic
12,Block 2,28,12/15/2017,1/21/2017,328,DSC_8016,0.00404878,0.096929878,1.328,9.027,31.793,62.01,8.423,Larva,Aquatic
12,Block 2,28,12/15/2017,1/21/2017,328,DSC_8017,0.003637195,0.09245122,1.193,9.245,30.324,57.224,7.99,Larva,Aquatic
12,Block 2,28,12/15/2017,1/21/2017,328,DSC_8018,0.004417683,0.094375,1.449,8.782,30.955,63.889,8.435,Larva,Aquatic
12,Block 2,28,12/15/2017,1/21/2017,328,DSC_8019,0.004082317,0.094740854,1.339,7.9,31.075,59.807,7.864,Larva,Aquatic
12,Block 2,28,12/15/2017,1/21/2017,328,DSC_8020,0.00454878,0.096082317,1.492,9.073,31.515,65.536,8.539,Larva,Aquatic
12,Block 2,28,12/15/2017,1/21/2017,328,DSC_8021,0.004667683,0.108704268,1.531,10.836,35.655,70.625,9.021,Larva,Aquatic
12,Block 2,28,12/15/2017,1/21/2017,328,DSC_8022,0.004682927,0.098570122,1.536,8.644,32.331,65.13,8.467,Larva,Aquatic
12,Block 2,28,12/15/2017,1/21/2017,328,DSC_8023,0.004335366,0.098564024,1.422,9.438,32.329,64.864,8.494,Larva,Aquatic
12,Block 2,28,12/15/2017,1/21/2017,328,DSC_8024,0.004228659,0.09995122,1.387,10.021,32.784,65.75,8.335,Larva,Aquatic
12,Block 2,28,12/15/2017,1/21/2017,328,DSC_8025,0.004213415,0.101176829,1.382,9.194,33.186,60.477,7.975,Larva,Aquatic
12,Block 2,28,12/15/2017,1/21/2017,328,DSC_8026,0.004390244,0.101216463,1.44,9.051,33.199,69.56,8.461,Larva,Aquatic
12,Block 2,28,12/15/2017,1/21/2017,328,DSC_8027,0.003929878,0.097359756,1.289,9.344,31.934,64.39,7.779,Larva,Aquatic
12,Block 2,28,12/15/2017,1/21/2017,328,DSC_8028,0.004810976,0.103414634,1.578,9.992,33.92,70.585,8.955,Larva,Aquatic
12,Block 2,28,12/15/2017,1/21/2017,328,DSC_8029,0.004957317,0.102378049,1.626,9.702,33.58,62.648,8.58,Larva,Aquatic
12,Block 2,28,12/15/2017,1/21/2017,328,DSC_8030,0.004905488,0.099713415,1.609,9.439,32.706,64.54,8.874,Larva,Aquatic
12,Block 2,28,12/15/2017,1/21/2017,328,DSC_8031,0.00367378,0.092003049,1.205,8.892,30.177,58.302,7.624,Larva,Aquatic
12,Block 2,28,12/15/2017,1/21/2017,328,DSC_8032,0.004469512,0.100460366,1.466,9.638,32.951,67.437,8.446,Paedomorph,Aquatic
12,Block 2,28,12/15/2017,1/21/2017,328,DSC_8033,0.004097561,0.098115854,1.344,8.494,32.182,64.209,7.713,Larva,Aquatic
12,Block 2,28,12/15/2017,1/21/2017,328,DSC_8034,0.002390244,0.084085366,0.784,9.063,27.58,45.316,7.27,Larva,Aquatic
12,Block 2,28,12/15/2017,1/21/2017,328,DSC_8035,0.003838415,0.095646341,1.259,8.124,31.372,64.233,7.754,Larva,Aquatic
12,Block 2,28,12/15/2017,1/21/2017,328,DSC_8036,0.003939024,0.09864939,1.292,9.15,32.357,65.799,8.222,Larva,Aquatic
13,Block 2,3,12/15/2017,1/21/2017,328,DSC_8037,0.033789634,0.179070122,11.083,14.821,58.735,124.451,12.659,Paedomorph,Aquatic
15,Block 2,8,12/15/2017,1/21/2017,328,DSC_8038,0.01404878,0.144356707,4.608,12.597,47.349,101.248,11.145,Paedomorph,Aquatic
15,Block 2,8,12/15/2017,1/21/2017,328,DSC_8039,0.012481707,0.136948171,4.094,12.043,44.919,90.15,10.674,Paedomorph,Aquatic
15,Block 2,8,12/15/2017,1/21/2017,328,DSC_8040,0.011530488,0.139637195,3.782,11.49,45.801,90.882,11.076,Larva,Aquatic
15,Block 2,8,12/15/2017,1/21/2017,328,DSC_8041,0.01460061,0.13729878,4.789,11.592,45.034,93.654,11.175,Paedomorph,Aquatic
15,Block 2,8,12/15/2017,1/21/2017,328,DSC_8042,0.013695122,0.145390244,4.492,12.329,47.688,95.993,11.389,Larva,Aquatic
15,Block 2,8,12/15/2017,1/21/2017,328,DSC_8043,0.013170732,0.135926829,4.32,11.636,44.584,95.543,11.338,Paedomorph,Aquatic
16,Block 2,18,12/15/2017,1/21/2017,328,DSC_8044,0.007829268,0.124875,2.568,10.453,40.959,82.906,9.941,Paedomorph,Aquatic
16,Block 2,18,12/15/2017,1/21/2017,328,DSC_8045,0.011243902,0.131213415,3.688,12.615,43.038,89.804,10.141,Paedomorph,Aquatic
16,Block 2,18,12/15/2017,1/21/2017,328,DSC_8046,0.009621951,0.129314024,3.156,11.728,42.415,85.151,10.489,Paedomorph,Aquatic
16,Block 2,18,12/15/2017,1/21/2017,328,DSC_8047,0.01185061,0.13702439,3.887,12.67,44.944,90.292,10.686,Larva,Aquatic
16,Block 2,18,12/15/2017,1/21/2017,328,DSC_8048,0.009036585,0.125777439,2.964,11.443,41.255,87.891,9.917,Larva,Aquatic
16,Block 2,18,12/15/2017,1/21/2017,328,DSC_8049,0.010356707,0.132487805,3.397,11.718,43.456,87.489,10.914,Larva,Aquatic
16,Block 2,18,12/15/2017,1/21/2017,328,DSC_8050,0.009082317,0.126271341,2.979,10.982,41.417,81.745,10.494,Paedomorph,Aquatic
16,Block 2,18,12/15/2017,1/21/2017,328,DSC_8051,0.00914939,0.135301829,3.001,11.429,44.379,89.537,10.486,Larva,Aquatic
16,Block 2,18,12/15/2017,1/21/2017,328,DSC_8052,0.009786585,0.132945122,3.21,11.571,43.606,74.843,10.694,Larva,Aquatic
16,Block 2,18,12/15/2017,1/21/2017,328,DSC_8053,0.009051829,0.126234756,2.969,10.793,41.405,86.127,10.246,Paedomorph,Aquatic
16,Block 2,18,12/15/2017,1/21/2017,328,DSC_8054,0.008320122,0.123615854,2.729,11.592,40.546,76.804,10.274,Paedomorph,Aquatic
16,Block 2,18,12/15/2017,1/21/2017,328,DSC_8055,0.009030488,0.128332317,2.962,10.758,42.093,81.609,10.283,Paedomorph,Aquatic
16,Block 2,18,12/15/2017,1/21/2017,328,DSC_8056,0.009945122,0.136027439,3.262,11.916,44.617,88.803,10.209,Paedomorph,Aquatic
16,Block 2,18,12/15/2017,1/21/2017,328,DSC_8057,0.00695122,0.113042683,2.28,11.297,37.078,82.046,9.715,Larva,Aquatic
17,Block 3,3,12/15/2017,1/21/2017,328,DSC_8058,0.033469512,0.179820122,10.978,16.116,58.981,120.124,14.026,Paedomorph,Aquatic
18,Block 3,33,12/15/2017,1/21/2017,328,DSC_8059,0.034021341,0.177411585,11.159,13.024,58.191,115.517,14.21,Paedomorph,Aquatic
20,Block 3,38,12/15/2017,1/21/2017,328,DSC_8060,0.007942073,0.126295732,2.605,12.101,41.425,81.898,9.746,Larva,Aquatic
20,Block 3,38,12/15/2017,1/21/2017,328,DSC_8061,0.009335366,0.133317073,3.062,12.207,43.728,85.258,10.366,Larva,Aquatic
20,Block 3,38,12/15/2017,1/21/2017,328,DSC_8062,0.006875,0.110039634,2.255,10.062,36.093,72.241,8.718,Paedomorph,Aquatic
20,Block 3,38,12/15/2017,1/21/2017,328,DSC_8063,0.007420732,0.117792683,2.434,10.255,38.636,76.72,9.599,Paedomorph,Aquatic
20,Block 3,38,12/15/2017,1/21/2017,328,DSC_8064,0.00775,0.123603659,2.542,10.799,40.542,75.132,9.723,Larva,Aquatic
20,Block 3,38,12/15/2017,1/21/2017,328,DSC_8065,0.006728659,0.11410061,2.207,9.841,37.425,71.044,8.743,Paedomorph,Aquatic
20,Block 3,38,12/15/2017,1/21/2017,328,DSC_8066,0.009728659,0.130228659,3.191,11.932,42.715,86.656,10.47,Larva,Aquatic
20,Block 3,38,12/15/2017,1/21/2017,328,DSC_8067,0.007716463,0.120716463,2.531,11.727,39.595,74.262,9.797,Larva,Aquatic
20,Block 3,38,12/15/2017,1/21/2017,328,DSC_8068,0.007234756,0.119966463,2.373,11.272,39.349,73.577,9.491,Larva,Aquatic
20,Block 3,38,12/15/2017,1/21/2017,328,DSC_8069,0.010463415,0.132615854,3.432,11.32,43.498,86.693,10.236,Paedomorph,Aquatic
20,Block 3,38,12/15/2017,1/21/2017,328,DSC_8070,0.008097561,0.125362805,2.656,11.191,41.119,82.411,9.726,Larva,Aquatic
20,Block 3,38,12/15/2017,1/21/2017,328,DSC_8071,0.007365854,0.117807927,2.416,10.603,38.641,75.121,9.74,Larva,Aquatic
20,Block 3,38,12/15/2017,1/21/2017,328,DSC_8072,0.007213415,0.115832317,2.366,11.218,37.993,71.325,9.483,Larva,Aquatic
23,Block 3,18,12/15/2017,1/21/2017,328,DSC_8073,0.01885061,0.151789634,6.183,12.784,49.787,106.89,11.743,Paedomorph,Aquatic
23,Block 3,18,12/15/2017,1/21/2017,328,DSC_8074,0.012643293,0.138344512,4.147,12.353,45.377,92.423,11.048,Paedomorph,Aquatic
23,Block 3,18,12/15/2017,1/21/2017,328,DSC_8075,0.010518293,0.132039634,3.45,11.526,43.309,88.468,10.529,Paedomorph,Aquatic
23,Block 3,18,12/15/2017,1/21/2017,328,DSC_8076,0.015655488,0.141621951,5.135,11.856,46.452,95.083,11.1,Paedomorph,Aquatic
23,Block 3,18,12/15/2017,1/21/2017,328,DSC_8077,0.012384146,0.135783537,4.062,11.874,44.537,91.557,10.948,Paedomorph,Aquatic
23,Block 3,18,12/15/2017,1/21/2017,328,DSC_8078,0.011411585,0.132158537,3.743,10.785,43.348,91.072,10.965,Paedomorph,Aquatic
25,Block 4,23,12/15/2017,1/24/2017,325,DSC_8079,0.006224615,0.115504615,2.023,9.659,37.539,72.829,8.601,Paedomorph,Aquatic
25,Block 4,23,12/15/2017,1/24/2017,325,DSC_8080,0.006901538,0.114249231,2.243,9.809,37.131,73.374,9.511,Larva,Aquatic
25,Block 4,23,12/15/2017,1/24/2017,325,DSC_8081,0.009021538,0.126052308,2.932,10.709,40.967,79.442,9.724,Larva,Aquatic
25,Block 4,23,12/15/2017,1/24/2017,325,DSC_8082,0.008729231,0.1184,2.837,10.288,38.48,81.409,9.635,Larva,Aquatic
25,Block 4,23,12/15/2017,1/24/2017,325,DSC_8083,0.007923077,0.118409231,2.575,9.73,38.483,81.028,9.942,Larva,Aquatic
25,Block 4,23,12/15/2017,1/24/2017,325,DSC_8084,0.008587692,0.129556923,2.791,10.901,42.106,85.77,9.843,Larva,Aquatic
25,Block 4,23,12/15/2017,1/24/2017,325,DSC_8085,0.006836923,0.110778462,2.222,9.591,36.003,70.427,9.5,Larva,Aquatic
25,Block 4,23,12/15/2017,1/24/2017,325,DSC_8086,0.008492308,0.116695385,2.76,9.795,37.926,77.059,9.183,Paedomorph,Aquatic
25,Block 4,23,12/15/2017,1/24/2017,325,DSC_8087,0.007141538,0.116243077,2.321,10.206,37.779,75.593,9.634,Larva,Aquatic
25,Block 4,23,12/15/2017,1/24/2017,325,DSC_8088,0.006695385,0.11456,2.176,9.754,37.232,73.704,9.191,Larva,Aquatic
25,Block 4,23,12/15/2017,1/24/2017,325,DSC_8089,0.006803077,0.112486154,2.211,10.029,36.558,66.88,9.023,Larva,Aquatic
25,Block 4,23,12/15/2017,1/24/2017,325,DSC_8090,0.006593846,0.118858462,2.143,10.512,38.629,74.469,9.075,Paedomorph,Aquatic
25,Block 4,23,12/15/2017,1/24/2017,325,DSC_8091,0.006787692,0.114695385,2.206,9.858,37.276,75.051,9.118,Larva,Aquatic
25,Block 4,23,12/15/2017,1/24/2017,325,DSC_8092,0.007938462,0.115292308,2.58,10.397,37.47,78.048,9.663,Larva,Aquatic
25,Block 4,23,12/15/2017,1/24/2017,325,DSC_8093,0.005304615,0.107886154,1.724,9.973,35.063,65.927,8.508,Larva,Aquatic
25,Block 4,23,12/15/2017,1/24/2017,325,DSC_8094,0.007141538,0.118264615,2.321,10.542,38.436,75.433,10.118,Larva,Aquatic
25,Block 4,23,12/15/2017,1/24/2017,325,DSC_8095,0.009409231,0.134523077,3.058,12.164,43.72,87.303,10.704,Larva,Aquatic
25,Block 4,23,12/15/2017,1/24/2017,325,DSC_8096,0.005716923,0.114630769,1.858,9.787,37.255,75.162,8.504,Larva,Aquatic
26,Block 4,28,12/15/2017,1/24/2017,325,DSC_8104,0.006901538,0.118113846,2.243,10.568,38.387,75.993,9.144,Larva,Aquatic
26,Block 4,28,12/15/2017,1/24/2017,325,DSC_8105,0.00824,0.121766154,2.678,10.669,39.574,78.914,9.782,Paedomorph,Aquatic
26,Block 4,28,12/15/2017,1/24/2017,325,DSC_8106,0.00952,0.129803077,3.094,11.897,42.186,81.035,10.389,Larva,Aquatic
26,Block 4,28,12/15/2017,1/24/2017,325,DSC_8107,0.004455385,0.095935385,1.448,7.585,31.179,63.766,8.301,Larva,Aquatic
26,Block 4,28,12/15/2017,1/24/2017,325,DSC_8108,0.007015385,0.129827692,2.28,9.989,42.194,80.297,9.651,Larva,Aquatic
26,Block 4,28,12/15/2017,1/24/2017,325,DSC_8109,0.005996923,0.118049231,1.949,9.651,38.366,70.403,9.056,Larva,Aquatic
26,Block 4,28,12/15/2017,1/24/2017,325,DSC_8110,0.008307692,0.126956923,2.7,11.299,41.261,80.581,10.405,Larva,Aquatic
26,Block 4,28,12/15/2017,1/24/2017,325,DSC_8111,0.006972308,0.116603077,2.266,11.077,37.896,76.09,9.276,Larva,Aquatic
26,Block 4,28,12/15/2017,1/24/2017,325,DSC_8112,0.004655385,0.100593846,1.513,9.055,32.693,65.652,8.424,Larva,Aquatic
26,Block 4,28,12/15/2017,1/24/2017,325,DSC_8113,0.007169231,0.120713846,2.33,10.723,39.232,75.521,9.434,Larva,Aquatic
26,Block 4,28,12/15/2017,1/24/2017,325,DSC_8114,0.008009231,0.122430769,2.603,10.429,39.79,79.883,10.033,Larva,Aquatic
26,Block 4,28,12/15/2017,1/24/2017,325,DSC_8115,0.008615385,0.126569231,2.8,10.496,41.135,80.05,9.178,Larva,Aquatic
26,Block 4,28,12/15/2017,1/24/2017,325,DSC_8116,0.00736,0.118738462,2.392,9.992,38.59,76.864,9.643,Larva,Aquatic
26,Block 4,28,12/15/2017,1/24/2017,325,DSC_8117,0.00632,0.118427692,2.054,9.283,38.489,67.956,8.926,Larva,Aquatic
26,Block 4,28,12/15/2017,1/24/2017,325,DSC_8118,0.005701538,0.115378462,1.853,10.078,37.498,71.199,8.863,Larva,Aquatic
26,Block 4,28,12/15/2017,1/24/2017,325,DSC_8119,0.005138462,0.101966154,1.67,9.596,33.139,66.684,8.851,Larva,Aquatic
26,Block 4,28,12/15/2017,1/24/2017,325,DSC_8120,0.006033846,0.107870769,1.961,10.178,35.058,70.047,8.91,Larva,Aquatic
26,Block 4,28,12/15/2017,1/24/2017,325,DSC_8121,0.007393846,0.113070769,2.403,9.44,36.748,72.672,8.735,Paedomorph,Aquatic
26,Block 4,28,12/15/2017,1/24/2017,325,DSC_8122,0.007667692,0.121,2.492,10.39,39.325,76.804,8.978,Larva,Aquatic
26,Block 4,28,12/15/2017,1/24/2017,325,DSC_8123,0.003313846,0.086784615,1.077,7.473,28.205,56.415,7.895,Larva,Aquatic
26,Block 4,28,12/15/2017,1/24/2017,325,DSC_8124,0.002870769,0.100153846,0.933,9.336,32.55,51.259,8.26,Larva,Aquatic
27,Block 4,3,12/15/2017,1/24/2017,325,DSC_8125,0.041606154,0.193255385,13.522,16.922,62.808,133.153,14.017,Paedomorph,Aquatic
28,Block 4,33,12/15/2017,1/24/2017,325,DSC_8127,0.004295385,0.099661538,1.396,9.292,32.39,63.123,8.292,Larva,Aquatic
28,Block 4,33,12/15/2017,1/24/2017,325,DSC_8128,0.004009231,0.095510769,1.303,9.106,31.041,60.459,7.654,Larva,Aquatic
28,Block 4,33,12/15/2017,1/24/2017,325,DSC_8129,0.003895385,0.095587692,1.266,8.182,31.066,62.803,8.323,Larva,Aquatic
28,Block 4,33,12/15/2017,1/24/2017,325,DSC_8130,0.004067692,0.096935385,1.322,8.453,31.504,62.053,8.137,Larva,Aquatic
28,Block 4,33,12/15/2017,1/24/2017,325,DSC_8131,0.004003077,0.096378462,1.301,8.85,31.323,64.341,8.003,Larva,Aquatic
28,Block 4,33,12/15/2017,1/24/2017,325,DSC_8132,0.003073846,0.085750769,0.999,8.332,27.869,56.983,7.723,Larva,Aquatic
28,Block 4,33,12/15/2017,1/24/2017,325,DSC_8133,0.003163077,0.093664615,1.028,9.24,30.441,58.424,7.405,Larva,Aquatic
28,Block 4,33,12/15/2017,1/24/2017,325,DSC_8134,0.004,0.097981538,1.3,9.594,31.844,63.96,8.448,Larva,Aquatic
28,Block 4,33,12/15/2017,1/24/2017,325,DSC_8135,0.003833846,0.090027692,1.246,8.722,29.259,59.127,8.212,Larva,Aquatic
28,Block 4,33,12/15/2017,1/24/2017,325,DSC_8136,0.004227692,0.094923077,1.374,8.268,30.85,63.444,8.255,Larva,Aquatic
28,Block 4,33,12/15/2017,1/24/2017,325,DSC_8137,0.004086154,0.096578462,1.328,8.639,31.388,64.703,8.233,Larva,Aquatic
28,Block 4,33,12/15/2017,1/24/2017,325,DSC_8138,0.003683077,0.093550769,1.197,8.92,30.404,61.709,8.118,Larva,Aquatic
28,Block 4,33,12/15/2017,1/24/2017,325,DSC_8139,0.004458462,0.100132308,1.449,8.799,32.543,66.246,8.72,Larva,Aquatic
28,Block 4,33,12/15/2017,1/24/2017,325,DSC_8140,0.004467692,0.100969231,1.452,9.153,32.815,62.411,8.561,Larva,Aquatic
28,Block 4,33,12/15/2017,1/24/2017,325,DSC_8141,0.004581538,0.099873846,1.489,9.389,32.459,63.085,8.26,Larva,Aquatic
28,Block 4,33,12/15/2017,1/24/2017,325,DSC_8142,0.004098462,0.096396923,1.332,9.42,31.329,63.843,8.039,Larva,Aquatic
28,Block 4,33,12/15/2017,1/24/2017,325,DSC_8143,0.003963077,0.092209231,1.288,8.751,29.968,60.022,7.66,Larva,Aquatic
28,Block 4,33,12/15/2017,1/24/2017,325,DSC_8144,0.004738462,0.096396923,1.54,9.42,31.329,63.843,8.039,Larva,Aquatic
28,Block 4,33,12/15/2017,1/24/2017,325,DSC_8145,0.003963077,0.096849231,1.288,9.149,31.476,64.121,7.961,Larva,Aquatic
28,Block 4,33,12/15/2017,1/24/2017,325,DSC_8146,0.004286154,0.101403077,1.393,9.072,32.956,66.993,8.48,Larva,Aquatic
28,Block 4,33,12/15/2017,1/24/2017,325,DSC_8147,0.003701538,0.092824615,1.203,8.136,30.168,58.63,7.874,Larva,Aquatic
28,Block 4,33,12/15/2017,1/24/2017,325,DSC_8148,0.003227692,0.08872,1.049,8.052,28.834,56.07,7.184,Larva,Aquatic
28,Block 4,33,12/15/2017,1/24/2017,325,DSC_8149,0.002966154,0.093876923,0.964,9.011,30.51,60.499,7.891,Larva,Aquatic
28,Block 4,33,12/15/2017,1/24/2017,325,DSC_8150,0.004233846,0.099092308,1.376,9.095,32.205,63.92,8.285,Larva,Aquatic
28,Block 4,33,12/15/2017,1/24/2017,325,DSC_8151,0.004578462,0.099215385,1.488,8.958,32.245,67.441,7.986,Larva,Aquatic
28,Block 4,33,12/15/2017,1/24/2017,325,DSC_8152,0.003649231,0.09384,1.186,8.79,30.498,60.94,7.851,Larva,Aquatic
28,Block 4,33,12/15/2017,1/24/2017,325,DSC_8153,0.003575385,0.090427692,1.162,8.225,29.389,58.661,8.045,Larva,Aquatic
28,Block 4,33,12/15/2017,1/24/2017,325,DSC_8154,0.003458462,0.091003077,1.124,8.456,29.576,60.208,7.768,Larva,Aquatic
28,Block 4,33,12/15/2017,1/24/2017,325,DSC_8155,0.003676923,0.093796923,1.195,8.81,30.484,60.109,8.4,Larva,Aquatic
30,Block 4,13,12/15/2017,1/24/2017,325,DSC_8157,0.017236923,0.15228,5.602,12.647,49.491,99.489,11.721,Paedomorph,Aquatic
30,Block 4,13,12/15/2017,1/24/2017,325,DSC_8158,0.014578462,0.143593846,4.738,12.67,46.668,96.186,11.288,Paedomorph,Aquatic
30,Block 4,13,12/15/2017,1/24/2017,325,DSC_8159,0.016246154,0.154101538,5.28,13.16,50.083,97.748,11.499,Paedomorph,Aquatic
30,Block 4,13,12/15/2017,1/24/2017,325,DSC_8160,0.017886154,0.153593846,5.813,10.864,49.918,100.807,11.248,Paedomorph,Aquatic
30,Block 4,13,12/15/2017,1/24/2017,325,DSC_8161,0.013667692,0.141913846,4.442,11.455,46.122,96.542,10.72,Paedomorph,Aquatic
30,Block 4,13,12/15/2017,1/24/2017,325,DSC_8162,0.015323077,0.14292,4.98,12.987,46.449,94.09,11.366,Paedomorph,Aquatic
30,Block 4,13,12/15/2017,1/24/2017,325,DSC_8163,0.018686154,0.163907692,6.073,12.809,53.27,105.924,11.325,Paedomorph,Aquatic
30,Block 4,13,12/15/2017,1/24/2017,325,DSC_8164,0.014092308,0.150036923,4.58,11.962,48.762,97.921,11.011,Paedomorph,Aquatic
31,Block 4,8,12/15/2017,1/24/2017,325,DSC_8165,0.029292308,0.183723077,9.52,15.255,59.71,118.299,13.331,Paedomorph,Aquatic
32,Block 4,38,12/15/2017,1/24/2017,325,DSC_8166,0.031144615,0.180455385,10.122,14.181,58.648,119.778,12.957,Paedomorph,Aquatic
32,Block 4,38,12/15/2017,1/24/2017,325,DSC_8167,0.025230769,0.165784615,8.2,13.51,53.88,112.003,12.028,Paedomorph,Aquatic
34,Block 5,23,12/15/2017,1/24/2017,325,DSC_8168,0.0082,0.117907692,2.665,10.026,38.32,72.39,9.569,Paedomorph,Aquatic
34,Block 5,23,12/15/2017,1/24/2017,325,DSC_8169,0.009409231,0.125492308,3.058,10.991,40.785,76.829,9.897,Paedomorph,Aquatic
34,Block 5,23,12/15/2017,1/24/2017,325,DSC_8170,0.007473846,0.117067692,2.429,10.593,38.047,69.56,9.78,Paedomorph,Aquatic
34,Block 5,23,12/15/2017,1/24/2017,325,DSC_8171,0.007747692,0.12424,2.518,10.647,40.378,76.875,9.833,Paedomorph,Aquatic
34,Block 5,23,12/15/2017,1/24/2017,325,DSC_8172,0.010781538,0.129526154,3.504,11.06,42.096,86.015,10.118,Paedomorph,Aquatic
34,Block 5,23,12/15/2017,1/24/2017,325,DSC_8173,0.008824615,0.119787692,2.868,11.003,38.931,73.378,9.943,Paedomorph,Aquatic
34,Block 5,23,12/15/2017,1/24/2017,325,DSC_8174,0.009898462,0.130147692,3.217,11.429,42.298,82.958,10.277,Paedomorph,Aquatic
34,Block 5,23,12/15/2017,1/24/2017,325,DSC_8175,0.00956,0.128953846,3.107,11.526,41.91,81.129,10.293,Paedomorph,Aquatic
34,Block 5,23,12/15/2017,1/24/2017,325,DSC_8176,0.009501538,0.121326154,3.088,10.642,39.431,81.249,10.445,Paedomorph,Aquatic
34,Block 5,23,12/15/2017,1/24/2017,325,DSC_8177,0.009375385,0.130676923,3.047,12.337,42.47,84.075,10.429,Larva,Aquatic
34,Block 5,23,12/15/2017,1/24/2017,325,DSC_8178,0.009449231,0.132156923,3.071,11.861,42.951,85.049,9.762,Paedomorph,Aquatic
34,Block 5,23,12/15/2017,1/24/2017,325,DSC_8179,0.010830769,0.129233846,3.52,10.99,42.001,87.796,10.293,Paedomorph,Aquatic
34,Block 5,23,12/15/2017,1/24/2017,325,DSC_8180,0.009972308,0.130101538,3.241,11.11,42.283,85.99,10.383,Paedomorph,Aquatic
34,Block 5,23,12/15/2017,1/24/2017,325,DSC_8181,0.008227692,0.115713846,2.674,10.505,37.607,76.28,9.695,Paedomorph,Aquatic
35,Block 5,38,12/15/2017,1/24/2017,325,DSC_8182,0.003852308,0.094723077,1.252,8.488,30.785,60.408,7.894,Larva,Aquatic
35,Block 5,38,12/15/2017,1/24/2017,325,DSC_8183,0.004193846,0.099901538,1.363,8.391,32.468,65.573,8.283,Larva,Aquatic
35,Block 5,38,12/15/2017,1/24/2017,325,DSC_8184,0.004003077,0.094575385,1.301,8.479,30.737,61.673,8.358,Larva,Aquatic
35,Block 5,38,12/15/2017,1/24/2017,325,DSC_8185,0.00396,0.099,1.287,8.734,32.175,56.141,7.645,Larva,Aquatic
35,Block 5,38,12/15/2017,1/24/2017,325,DSC_8186,0.004612308,0.0962,1.499,8.318,31.265,59.988,7.761,Larva,Aquatic
35,Block 5,38,12/15/2017,1/24/2017,325,DSC_8187,0.003843077,0.091516923,1.249,8.403,29.743,60.19,7.36,Larva,Aquatic
35,Block 5,38,12/15/2017,1/24/2017,325,DSC_8188,0.004132308,0.098596923,1.343,8.59,32.044,64.652,8.053,Larva,Aquatic
35,Block 5,38,12/15/2017,1/24/2017,325,DSC_8189,0.004015385,0.096867692,1.305,8.4,31.482,62.703,7.577,Larva,Aquatic
35,Block 5,38,12/15/2017,1/24/2017,325,DSC_8190,0.003667692,0.098532308,1.192,9.221,32.023,63.952,7.75,Larva,Aquatic
35,Block 5,38,12/15/2017,1/24/2017,325,DSC_8191,0.002803077,0.087756923,0.911,7.895,28.521,55.48,6.929,Larva,Aquatic
35,Block 5,38,12/15/2017,1/24/2017,325,DSC_8192,0.004464615,0.103695385,1.451,9.385,33.701,67.146,8.465,Larva,Aquatic
35,Block 5,38,12/15/2017,1/24/2017,325,DSC_8193,0.004353846,0.099138462,1.415,9.258,32.22,63.592,8.23,Larva,Aquatic
35,Block 5,38,12/15/2017,1/24/2017,325,DSC_8194,0.004132308,0.096507692,1.343,9.039,31.365,61.859,8.22,Larva,Aquatic
35,Block 5,38,12/15/2017,1/24/2017,325,DSC_8195,0.004443077,0.101990769,1.444,9.413,33.147,66.545,8.496,Larva,Aquatic
35,Block 5,38,12/15/2017,1/24/2017,325,DSC_8196,0.004649231,0.101864615,1.511,9.774,33.106,63.513,8.351,Larva,Aquatic
35,Block 5,38,12/15/2017,1/24/2017,325,DSC_8197,0.004255385,0.101984615,1.383,9.066,33.145,62.856,8.367,Larva,Aquatic
35,Block 5,38,12/15/2017,1/24/2017,325,DSC_8198,0.003030769,0.085926154,0.985,9.024,27.926,56.156,7.935,Larva,Aquatic
35,Block 5,38,12/15/2017,1/24/2017,325,DSC_8199,0.003587692,0.100215385,1.166,8.305,32.57,55.447,7.653,Larva,Aquatic
35,Block 5,38,12/15/2017,1/24/2017,325,DSC_8200,0.004172308,0.101996923,1.356,8.31,33.149,64.662,8.498,Larva,Aquatic
35,Block 5,38,12/15/2017,1/24/2017,325,DSC_8201,0.004393846,0.096353846,1.428,8.627,31.315,64.384,7.933,Larva,Aquatic
35,Block 5,38,12/15/2017,1/24/2017,325,DSC_8202,0.00332,0.088446154,1.079,7.979,28.745,59.042,7.687,Larva,Aquatic
35,Block 5,38,12/15/2017,1/24/2017,325,DSC_8203,0.003193846,0.087861538,1.038,8.552,28.555,57.496,7.809,Larva,Aquatic
35,Block 5,38,12/15/2017,1/24/2017,325,DSC_8204,0.004252308,0.098501538,1.382,8.836,32.013,60.753,7.353,Larva,Aquatic
35,Block 5,38,12/15/2017,1/24/2017,325,DSC_8205,0.004396923,0.100455385,1.429,8.851,32.648,62.613,8.523,Larva,Aquatic
35,Block 5,38,12/15/2017,1/24/2017,325,DSC_8206,0.004643077,0.10236,1.509,10.08,33.267,61.223,8.737,Larva,Aquatic
35,Block 5,38,12/15/2017,1/24/2017,325,DSC_8207,0.004403077,0.100215385,1.431,8.668,32.57,64.909,8.24,Larva,Aquatic
35,Block 5,38,12/15/2017,1/24/2017,325,DSC_8208,0.002323077,0.082621538,0.755,7.167,26.852,50.003,7.057,Larva,Aquatic
35,Block 5,38,12/15/2017,1/24/2017,325,DSC_8209,0.003870769,0.096895385,1.258,9.26,31.491,63.116,7.69,Larva,Aquatic
35,Block 5,38,12/15/2017,1/24/2017,325,DSC_8210,0.003963077,0.098827692,1.288,8.549,32.119,61.887,7.566,Larva,Aquatic
35,Block 5,38,12/15/2017,1/24/2017,325,DSC_8211,0.003981538,0.097236923,1.294,8.398,31.602,65.632,7.686,Larva,Aquatic
36,Block 5,28,12/15/2017,1/24/2017,325,DSC_8212,0.011541538,0.132187692,3.751,11.351,42.961,90.187,11.08,Paedomorph,Aquatic
36,Block 5,28,12/15/2017,1/24/2017,325,DSC_8213,0.013270769,0.138892308,4.313,11.916,45.14,91.007,10.624,Paedomorph,Aquatic
36,Block 5,28,12/15/2017,1/24/2017,325,DSC_8214,0.013633846,0.147430769,4.431,11.661,47.915,97.118,10.936,Larva,Aquatic
36,Block 5,28,12/15/2017,1/24/2017,325,DSC_8215,0.0158,0.151510769,5.135,12.605,49.241,103.025,11.963,Larva,Aquatic
37,Block 5,18,12/15/2017,1/24/2017,325,DSC_8216,0.01264,0.1444,4.108,11.607,46.93,96.137,10.817,Paedomorph,Aquatic
37,Block 5,18,12/15/2017,1/24/2017,325,DSC_8217,0.009944615,0.133916923,3.232,11.431,43.523,84.853,10.12,Paedomorph,Aquatic
37,Block 5,18,12/15/2017,1/24/2017,325,DSC_8218,0.013156923,0.146572308,4.276,12.047,47.636,98.736,11.239,Paedomorph,Aquatic
37,Block 5,18,12/15/2017,1/24/2017,325,DSC_8219,0.010830769,0.140827692,3.52,12.475,45.769,90.253,11.174,Larva,Aquatic
37,Block 5,18,12/15/2017,1/24/2017,325,DSC_8220,0.010735385,0.131104615,3.489,11.375,42.609,86.569,9.887,Paedomorph,Aquatic
37,Block 5,18,12/15/2017,1/24/2017,325,DSC_8221,0.010018462,0.130723077,3.256,10.847,42.485,89.012,10.28,Paedomorph,Aquatic
37,Block 5,18,12/15/2017,1/24/2017,325,DSC_8222,0.011212308,0.132769231,3.644,12.151,43.15,90.413,10.093,Paedomorph,Aquatic
37,Block 5,18,12/15/2017,1/24/2017,325,DSC_8223,0.010950769,0.13592,3.559,10.702,44.174,90.315,10.256,NA,Aquatic
37,Block 5,18,12/15/2017,1/24/2017,325,DSC_8224,0.012027692,0.136587692,3.909,10.676,44.391,90.098,10.92,Paedomorph,Aquatic
37,Block 5,18,12/15/2017,1/24/2017,325,DSC_8225,0.011584615,0.137738462,3.765,11.156,44.765,87.146,10.913,Larva,Aquatic
37,Block 5,18,12/15/2017,1/24/2017,325,DSC_8226,0.009729231,0.131141538,3.162,10.554,42.621,85.087,9.873,Paedomorph,Aquatic
39,Block 5,13,12/15/2017,1/24/2017,325,DSC_8227,0.042953846,0.191729231,13.96,14.622,62.312,122.156,14.763,Paedomorph,Aquatic
