sample_id,variable,measure
1,shellVolume,47.25406904155211
1,spermStored,2.0862298501678804
2,shellVolume,56.34405311993295
2,spermStored,0.40596590775297237
3,shellVolume,49.79869565967963
3,spermStored,0.6887821593480907
4,shellVolume,65.40803545094516
4,spermStored,0.6679466906821165
5,shellVolume,60.337631006497816
5,spermStored,1.3747242719001709
6,shellVolume,65.45904512991791
6,spermStored,0.7152286856250402
7,shellVolume,50.16423143630328
7,spermStored,0.08662221432748263
8,shellVolume,49.63625495586886
8,spermStored,0.5049677170641317
9,shellVolume,39.084787448276664
9,spermStored,1.1643716406709235
10,shellVolume,60.31699477922512
10,spermStored,0.6301214313104297
11,shellVolume,52.76593459955851
11,spermStored,1.1182216489803762
12,shellVolume,60.808926062805206
12,spermStored,0.7148030630751988
13,shellVolume,68.8472756409472
13,spermStored,4.405030912999878
14,shellVolume,37.46904339934662
14,spermStored,1.1733796811965007
15,shellVolume,43.86446807238549
15,spermStored,2.194631777804452
16,shellVolume,48.44862692547384
16,spermStored,2.2061092500184953
17,shellVolume,41.1593732336446
17,spermStored,0.4083463263586206
18,shellVolume,54.062493413285104
18,spermStored,0.6097077990537295
19,shellVolume,34.10084906617778
19,spermStored,0.6592115152642695
20,shellVolume,55.778080789082445
20,spermStored,0.28824979841447596
21,shellVolume,52.03222026164502
21,spermStored,0.4829059249623788
22,shellVolume,67.72772700775418
22,spermStored,0.6202286785339193
23,shellVolume,56.430552075218614
23,spermStored,0.7289778277808492
24,shellVolume,59.78591805813961
24,spermStored,1.822487385585244
25,shellVolume,58.17743562420788
25,spermStored,0.45873157423117245
26,shellVolume,52.824050558961005
26,spermStored,1.8879063709527049
27,shellVolume,56.5089539493982
27,spermStored,0.313118870469898
28,shellVolume,36.16564590865288
28,spermStored,0.6717797424061007
29,shellVolume,49.22243962470254
29,spermStored,2.21109264613415
30,shellVolume,47.94001676711427
30,spermStored,0.7754609328994511
31,shellVolume,54.48727448899308
31,spermStored,1.8077426156245757
32,shellVolume,46.403145088254924
32,spermStored,1.4017371894237978
33,shellVolume,59.085531357903974
33,spermStored,3.0251812379742047
34,shellVolume,60.249954335498174
34,spermStored,0.9923270574923497
35,shellVolume,51.149411487619226
35,spermStored,0.3687285754976124
36,shellVolume,56.83099299636488
36,spermStored,2.917526127223339
37,shellVolume,56.830682054129944
37,spermStored,0.30933009119665816
38,shellVolume,39.86347143988994
38,spermStored,1.2251660767746049
39,shellVolume,66.5925435618571
39,spermStored,2.4047457929814264
40,shellVolume,47.128425061256536
40,spermStored,0.27780557427658414
41,shellVolume,47.330561035081715
41,spermStored,0.05681773062127142
42,shellVolume,59.28623887004555
42,spermStored,0.8922284775058883
43,shellVolume,66.51969740497789
43,spermStored,0.8289606934190071
44,shellVolume,42.039161984588134
44,spermStored,0.5640413057283346
45,shellVolume,51.75914012183936
45,spermStored,2.1251226758751645
46,shellVolume,51.39312707476431
46,spermStored,4.643410530119119
47,shellVolume,45.60916463732447
47,spermStored,0.6855431533110284
48,shellVolume,55.154626093394725
48,spermStored,1.4624744220505341
49,shellVolume,42.589935823675425
49,spermStored,0.7553211268376033
50,shellVolume,54.40516829767479
50,spermStored,1.8845435608158916
51,shellVolume,47.3523127007498
51,spermStored,1.413795361293358
52,shellVolume,53.40073062056809
52,spermStored,0.5531875633305435
53,shellVolume,55.29308354676623
53,spermStored,0.35858550588084137
54,shellVolume,70.9021357699572
54,spermStored,0.7877223668255428
55,shellVolume,52.46745819430782
55,spermStored,1.2696012175526818
56,shellVolume,58.48137946121006
56,spermStored,1.0025563928920083
57,shellVolume,58.2683639762788
57,spermStored,0.2885081229208822
58,shellVolume,66.63183266017535
58,spermStored,1.7244483747103587
59,shellVolume,39.16278135695499
59,spermStored,2.2311906168010114
60,shellVolume,53.23947903979831
60,spermStored,1.4652088781483144
61,shellVolume,51.48709972744743
61,spermStored,1.7314122356027073
62,shellVolume,59.54944054963575
62,spermStored,1.1035435618484082
63,shellVolume,55.92498996990197
63,spermStored,1.0984078378666235
64,shellVolume,61.2138158640542
64,spermStored,1.704466210310788
65,shellVolume,49.58078008771734
65,spermStored,0.1367162416953471
66,shellVolume,49.283658068369476
66,spermStored,0.37997510560665415
67,shellVolume,63.71622700039607
67,spermStored,1.4205349550238655
68,shellVolume,42.76241278624409
68,spermStored,1.0522810580982367
69,shellVolume,59.23074007197857
69,spermStored,3.5438025802326503
70,shellVolume,62.952683531989564
70,spermStored,3.236921986500671
71,shellVolume,52.07881771563287
71,spermStored,12.247464357075033
72,shellVolume,48.07198909647305
72,spermStored,0.527390970044288
73,shellVolume,50.09703269988925
73,spermStored,4.031128037351829
74,shellVolume,60.06909107370937
74,spermStored,0.12849497764028314
75,shellVolume,48.07562856744809
75,spermStored,2.3943452741677276
76,shellVolume,50.6670882388813
76,spermStored,0.7796785265085874
77,shellVolume,67.21682615711848
77,spermStored,1.3571790201386444
78,shellVolume,46.08949051952734
78,spermStored,3.135997642379388
79,shellVolume,60.11472661247609
79,spermStored,0.8163385463431925
80,shellVolume,41.747719235273635
80,spermStored,0.24283417313089165
81,shellVolume,47.79599243724877
81,spermStored,0.45921345602775515
82,shellVolume,30.651022439061535
82,spermStored,1.1843750749633344
83,shellVolume,44.566963373827186
83,spermStored,2.095039230030751
84,shellVolume,53.258040577960244
84,spermStored,6.246628879001721
85,shellVolume,71.23655606072121
85,spermStored,0.33134423436687643
86,shellVolume,78.469660571492
86,spermStored,1.5162969936753448
87,shellVolume,57.57988605177118
87,spermStored,0.5051566673494229
88,shellVolume,58.78609875694346
88,spermStored,9.021686808943572
89,shellVolume,45.12457199514512
89,spermStored,0.5293043311778226
90,shellVolume,45.36301601144819
90,spermStored,0.8062463735777105
91,shellVolume,51.465935573928306
91,spermStored,0.8173192249036416
92,shellVolume,58.20034081356323
92,spermStored,1.0368590345237305
93,shellVolume,52.720289152982964
93,spermStored,1.0226504725932746
94,shellVolume,58.05452926028534
94,spermStored,15.49879222528162
95,shellVolume,55.92128812148595
95,spermStored,0.2784824628899045
96,shellVolume,54.27886634986362
96,spermStored,1.5522109512424036
97,shellVolume,41.20788085689015
97,spermStored,0.4356175377693582
98,shellVolume,50.03500883363057
98,spermStored,0.10269658478225097
99,shellVolume,43.12235254572959
99,spermStored,0.3189967421815866
100,shellVolume,56.54262695421568
100,spermStored,0.39543698646799247
101,shellVolume,58.992667282174516
101,spermStored,1.1804168777275135
102,shellVolume,50.689304776720796
102,spermStored,3.6660305527753283
103,shellVolume,45.1079838178636
103,spermStored,0.9307508898072959
104,shellVolume,54.96501038196634
104,spermStored,2.1932507323089445
105,shellVolume,56.055249413625624
105,spermStored,0.30165352449642346
106,shellVolume,48.855820585719265
106,spermStored,2.372601092953345
107,shellVolume,48.46884648472428
107,spermStored,0.1679140713138246
108,shellVolume,51.057667068112046
108,spermStored,1.61950069786368
109,shellVolume,60.97683652840829
109,spermStored,1.1326120905559962
110,shellVolume,43.75474735620633
110,spermStored,0.6520073097428121
111,shellVolume,57.72356985900794
111,spermStored,2.2039638533750527
112,shellVolume,62.058985816669974
112,spermStored,0.48244974798687174
113,shellVolume,52.1406891102155
113,spermStored,3.17385279939973
114,shellVolume,50.798078179166936
114,spermStored,1.6452974571364982
115,shellVolume,69.38580252742084
115,spermStored,2.148788601654932
116,shellVolume,50.5596694035818
116,spermStored,0.5422306048607636
117,shellVolume,49.90306614870427
117,spermStored,0.22943697340544558
118,shellVolume,42.655317543351444
118,spermStored,1.961724086947435
119,shellVolume,55.11998698787237
119,spermStored,1.002454387218062
120,shellVolume,49.57803898391677
120,spermStored,0.2863242984447067
121,shellVolume,52.965358798490186
121,spermStored,0.9394330112450751
122,shellVolume,64.72865132742933
122,spermStored,0.425379015325624
123,shellVolume,60.082145507293106
123,spermStored,0.47646814845258023
124,shellVolume,45.58784446217763
124,spermStored,0.913473918901384
125,shellVolume,47.915126571066324
125,spermStored,0.11594699054777448
126,shellVolume,49.26837669407643
126,spermStored,2.4538009467719823
127,shellVolume,61.30307628810679
127,spermStored,2.9180425984498326
128,shellVolume,42.57808646669677
128,spermStored,0.32926434814622
129,shellVolume,56.61463462061686
129,spermStored,0.4692403891456812
130,shellVolume,48.228551776242924
130,spermStored,0.4361696069439898
131,shellVolume,57.957743924327154
131,spermStored,2.1865824803833713
132,shellVolume,51.1588902470862
132,spermStored,3.520278878480698
133,shellVolume,66.61044422680277
133,spermStored,1.7101010906220722
134,shellVolume,47.5456328759646
134,spermStored,0.6826962652327255
135,shellVolume,49.77832101659373
135,spermStored,0.8112500646467921
136,shellVolume,57.90596059691601
136,spermStored,0.395838263262269
137,shellVolume,49.39979914181251
137,spermStored,1.3099692208380969
138,shellVolume,49.96880197654873
138,spermStored,0.23534633635155902
139,shellVolume,42.78667288159526
139,spermStored,0.3915236375938377
140,shellVolume,68.42233209763404
140,spermStored,0.6246766597311577
141,shellVolume,46.332138316541524
141,spermStored,0.8509758264200491
142,shellVolume,59.73343462116834
142,spermStored,0.04037611384000258
143,shellVolume,33.43466044327725
143,spermStored,0.9926041889716352
144,shellVolume,52.97827963810899
144,spermStored,0.8456983703099776
145,shellVolume,62.207497807660026
145,spermStored,8.387103627344253
146,shellVolume,65.47268681642103
146,spermStored,2.1746836771697176
147,shellVolume,37.757085056033375
147,spermStored,0.07346189571854161
148,shellVolume,51.03910102743831
148,spermStored,4.4690651077158625
149,shellVolume,48.27121458200574
149,spermStored,0.5236561791726628
150,shellVolume,49.34410953363095
150,spermStored,1.5954677384033673
151,shellVolume,49.31835822891526
151,spermStored,1.702783779216113
152,shellVolume,41.75399384693975
152,spermStored,0.401073152911933
153,shellVolume,48.853519168038424
153,spermStored,0.32913866616832155
154,shellVolume,58.5365244875758
154,spermStored,0.774673907598176
155,shellVolume,43.0564109476386
155,spermStored,0.42888726140395733
156,shellVolume,55.40560746711658
156,spermStored,1.6044885253699461
157,shellVolume,53.52560023170015
157,spermStored,3.306865719911965
158,shellVolume,58.889174114422545
158,spermStored,0.8097643258636411
159,shellVolume,52.81092891375055
159,spermStored,3.6559565281427853
160,shellVolume,59.25323830595064
160,spermStored,7.033704547330588
161,shellVolume,64.74937806207512
161,spermStored,2.585710302899692
162,shellVolume,61.153196178599885
162,spermStored,0.50487481113986
163,shellVolume,57.676034385638694
163,spermStored,0.4575602427966242
164,shellVolume,46.17948133671902
164,spermStored,2.162078886196348
165,shellVolume,58.09268305787897
165,spermStored,0.3897319909423905
166,shellVolume,55.44641430067563
166,spermStored,0.4696614655316715
167,shellVolume,58.32937981712489
167,spermStored,1.479100710480749
168,shellVolume,57.616241547744096
168,spermStored,2.084735794029511
169,shellVolume,49.37217568193294
169,spermStored,5.366985986318422
170,shellVolume,41.696357349944485
170,spermStored,0.35966127754647526
171,shellVolume,57.4361829291481
171,spermStored,0.23018030332703185
172,shellVolume,50.80893516326146
172,spermStored,0.7547424770331796
173,shellVolume,46.75477099688583
173,spermStored,0.9380249245400387
174,shellVolume,45.901411942094164
174,spermStored,1.0933599703984278
175,shellVolume,37.479090996106244
175,spermStored,0.10335465607486403
176,shellVolume,61.38413495597537
176,spermStored,1.4634252877630856
177,shellVolume,68.13381235123269
177,spermStored,0.575048284588672
178,shellVolume,55.86945014966198
178,spermStored,2.246499279437845
179,shellVolume,35.02187724220353
179,spermStored,2.0191961916100603
180,shellVolume,66.9519481121367
180,spermStored,1.3861802415998168
181,shellVolume,50.587049718736516
181,spermStored,0.3559752680005499
182,shellVolume,52.35890528002976
182,spermStored,3.496702940233221
183,shellVolume,54.65168276182446
183,spermStored,2.4920098580044665
184,shellVolume,40.71467223181004
184,spermStored,0.4746143252658408
185,shellVolume,39.28987539046129
185,spermStored,0.9522417752684775
186,shellVolume,45.24225762504113
186,spermStored,7.083823408700133
187,shellVolume,46.69487497372867
187,spermStored,0.20615054780458697
188,shellVolume,61.32470161649916
188,spermStored,1.6020106725252972
189,shellVolume,54.424994495624425
189,spermStored,1.0859452314150946
190,shellVolume,59.08161034437717
190,spermStored,2.408904662655268
191,shellVolume,58.05218806283318
191,spermStored,0.22414584627714282
192,shellVolume,57.55781097188377
192,spermStored,0.25991539478938314
193,shellVolume,63.85266060018917
193,spermStored,1.0571627898929556
194,shellVolume,70.39544612944759
194,spermStored,3.9433380587737377
195,shellVolume,55.599215536854906
195,spermStored,2.293218844801382
196,shellVolume,58.17531849639395
196,spermStored,1.1767100928887253
197,shellVolume,40.49762116505771
197,spermStored,0.46607188192094934
198,shellVolume,53.277620672956616
198,spermStored,2.0921266532987777
199,shellVolume,59.92142390042796
199,spermStored,0.7915032272482964
200,shellVolume,45.86223062424112
200,spermStored,0.2001919222129024
201,shellVolume,55.31845395240779
201,spermStored,2.6462844362419626
202,shellVolume,57.04428431420751
202,spermStored,3.119945188739199
203,shellVolume,55.49536864827547
203,spermStored,0.4550133675955099
204,shellVolume,57.90225385543225
204,spermStored,4.973870579670163
205,shellVolume,52.48694317080361
205,spermStored,0.7195867288992913
206,shellVolume,61.73520110471439
206,spermStored,1.0930914312140674
207,shellVolume,46.07309564631011
207,spermStored,1.1696548894680996
208,shellVolume,39.15131499782009
208,spermStored,1.4557857932902494
209,shellVolume,53.33376539306982
209,spermStored,0.92971031951438865
210,shellVolume,56.33922329154059
210,spermStored,0.5882786343065379
211,shellVolume,62.62654418148606
211,spermStored,0.8321945338913983
212,shellVolume,59.34195576609999
212,spermStored,0.17377463437661403
213,shellVolume,52.29701268417036
213,spermStored,6.058909259422274
214,shellVolume,55.65806655694679
214,spermStored,0.4112176299181766
215,shellVolume,53.67717547564781
215,spermStored,2.2743130086075043
216,shellVolume,53.1126594066684
216,spermStored,0.8753280776229716
217,shellVolume,55.53416967842043
217,spermStored,0.6481613409280507
218,shellVolume,59.16686441021179
218,spermStored,0.9771396096302687
219,shellVolume,69.03535032035975
219,spermStored,1.1686876772797845
220,shellVolume,51.62355680505412
220,spermStored,2.0038308707012678
221,shellVolume,59.386510729157685
221,spermStored,0.5171166005645869
222,shellVolume,54.358614176711036
222,spermStored,6.423959539603921
223,shellVolume,47.75825380409067
223,spermStored,0.7265130063497883
224,shellVolume,52.93155313508225
224,spermStored,0.518704932968048
225,shellVolume,62.05647048099445
225,spermStored,1.1778412223965198
226,shellVolume,50.35019340104535
226,spermStored,0.759902838062276
227,shellVolume,57.660111409740885
227,spermStored,0.6875950744706919
228,shellVolume,60.30540868819846
228,spermStored,1.9492755115953806
229,shellVolume,57.35125961227712
229,spermStored,2.794457965875291
230,shellVolume,52.44233663316302
230,spermStored,1.0267186142588585
231,shellVolume,44.3932670742701
231,spermStored,1.4152607868788376
232,shellVolume,55.15337431740345
232,spermStored,0.3025852384199571
233,shellVolume,42.15754120906451
233,spermStored,0.6952237464810183
234,shellVolume,47.7061419726034
234,spermStored,0.7825223992651804
235,shellVolume,51.79224121386191
235,spermStored,0.36360877388361657
236,shellVolume,56.33065617636792
236,spermStored,0.5055030592016867
237,shellVolume,61.397918170494066
237,spermStored,1.6142856341528347
238,shellVolume,56.809368426189
238,spermStored,1.7572080553361156
239,shellVolume,53.73458658023123
239,spermStored,0.7929927379375131
240,shellVolume,53.67565808469329
240,spermStored,1.7939615411171372
241,shellVolume,31.471147846257356
241,spermStored,0.517801273502226
242,shellVolume,48.54690279952492
242,spermStored,0.5729206448395674
243,shellVolume,31.93841779228012
243,spermStored,0.5158675548235241
244,shellVolume,56.74467949763279
244,spermStored,1.3990607921684821
245,shellVolume,52.0112562912823
245,spermStored,2.829346737553672
246,shellVolume,60.63465825449365
246,spermStored,0.9202938458022839
247,shellVolume,54.62641583787307
247,spermStored,13.181444976436774
248,shellVolume,53.85065506683384
248,spermStored,0.2049491948968205
249,shellVolume,62.387381063755896
249,spermStored,1.013261034233794
250,shellVolume,56.998359117972335
250,spermStored,2.0620270509737324
251,shellVolume,57.78028217801544
251,spermStored,0.36464489537212574
252,shellVolume,42.57184623317462
252,spermStored,0.9642562407461522
253,shellVolume,52.062522617250416
253,spermStored,1.8047100917123093
254,shellVolume,55.22949960372494
254,spermStored,1.7531930270240226
255,shellVolume,48.334742217816604
255,spermStored,0.980175032735256
256,shellVolume,70.98343523741225
256,spermStored,4.041781416586094
257,shellVolume,54.31473800535361
257,spermStored,1.1674124369831937
258,shellVolume,49.58734890535272
258,spermStored,2.9614770961652095
259,shellVolume,67.64064465187766
259,spermStored,0.4059519143078852
260,shellVolume,54.20742941961619
260,spermStored,2.879968477665557
261,shellVolume,68.0746143017886
261,spermStored,0.1437251411917223
262,shellVolume,54.71348500491718
262,spermStored,2.8039700339680067
263,shellVolume,52.307807173708966
263,spermStored,0.5884271660936237
264,shellVolume,59.361745038703894
264,spermStored,1.3449970733901455
265,shellVolume,59.79734932243716
265,spermStored,0.737001881224734
266,shellVolume,55.289223832192825
266,spermStored,0.22051585120263278
267,shellVolume,55.156125499293836
267,spermStored,0.1813826227451625
268,shellVolume,62.029711739507775
268,spermStored,0.12694798350070205
269,shellVolume,46.83072147537952
269,spermStored,2.610715967043028
270,shellVolume,54.665764452149766
270,spermStored,1.620621857629494
271,shellVolume,49.684933949397696
271,spermStored,1.7511056863781194
272,shellVolume,51.94920153096759
272,spermStored,2.4608497173429065
273,shellVolume,52.35608507302787
273,spermStored,1.2043766992324267
274,shellVolume,55.89613234786893
274,spermStored,0.8242396337317998
275,shellVolume,65.76301687850454
275,spermStored,5.449976837850773
276,shellVolume,56.08532474404114
276,spermStored,1.4192197702136569
277,shellVolume,46.2563018032541
277,spermStored,1.9383082160758265
278,shellVolume,51.741650513501234
278,spermStored,4.126363525554019
279,shellVolume,46.18340203596715
279,spermStored,1.7086143897480934
280,shellVolume,61.821835419578235
280,spermStored,0.4755941499062481
281,shellVolume,60.12667595016732
281,spermStored,2.815014629587777
282,shellVolume,56.361864130462465
282,spermStored,0.4551804429507098
283,shellVolume,53.853819712906
283,spermStored,0.8510628907490531
284,shellVolume,42.966853184339854
284,spermStored,1.4916694463429754
285,shellVolume,47.14356063802979
285,spermStored,7.002616652786271
286,shellVolume,49.74808275082092
286,spermStored,0.4165611895480932
287,shellVolume,63.78304356937537
287,spermStored,1.2552770024415214
288,shellVolume,42.704147155674576
288,spermStored,1.6111290331484727
289,shellVolume,52.81932504429362
289,spermStored,4.502819654145621
290,shellVolume,45.007793050062986
290,spermStored,10.320650078339964
291,shellVolume,67.44966263046928
291,spermStored,7.642349221765876
292,shellVolume,55.8203032003694
292,spermStored,1.7896559646099288
293,shellVolume,43.47125746714691
293,spermStored,0.5401837465276024
294,shellVolume,64.40179686282765
294,spermStored,2.4550266431986114
295,shellVolume,41.64278627515477
295,spermStored,1.350269782171235
296,shellVolume,68.9885925819264
296,spermStored,4.633263136945716
297,shellVolume,51.985633490132976
297,spermStored,1.025024245520825
298,shellVolume,43.723881326510515
298,spermStored,13.736774625179832
299,shellVolume,48.3294397655131
299,spermStored,4.108729181157844
300,shellVolume,48.83720727084319
300,spermStored,6.454735280177165
301,shellVolume,56.68205152347014
301,spermStored,1.9224429917446826
302,shellVolume,47.11660750736557
302,spermStored,0.7885240504885299
303,shellVolume,63.459253601873
303,spermStored,0.6245468245564673
304,shellVolume,48.83346951425856
304,spermStored,1.3644723824734477
305,shellVolume,56.12042864552886
305,spermStored,0.5892739842791662
306,shellVolume,60.27272125836555
306,spermStored,0.6454701276737962
307,shellVolume,60.80414618128885
307,spermStored,12.436256535939858
308,shellVolume,44.0699013035205
308,spermStored,1.2517926792575913
309,shellVolume,58.294301545640806
309,spermStored,0.8213295507201107
310,shellVolume,46.10929130518527
310,spermStored,1.5385217549875718
311,shellVolume,31.448956716140696
311,spermStored,0.42810096810150083
312,shellVolume,40.425215059845584
312,spermStored,0.08430676255316832
313,shellVolume,56.5461970755411
313,spermStored,1.330850857156091
314,shellVolume,59.02878849325114
314,spermStored,1.165289138194041
315,shellVolume,49.27677436539852
315,spermStored,1.2231020069858776
316,shellVolume,50.715260490315664
316,spermStored,0.5516505559202131
317,shellVolume,54.48029480457146
317,spermStored,3.249449989680951
318,shellVolume,45.13461623573282
318,spermStored,1.0406159889443807
319,shellVolume,54.23501207130122
319,spermStored,1.8094265339099722
320,shellVolume,48.09928534010834
320,spermStored,0.5980599488672768
321,shellVolume,57.27347142429886
321,spermStored,0.3202566848542299
322,shellVolume,56.89541015916549
322,spermStored,1.878897927874096
323,shellVolume,55.32170171917457
323,spermStored,0.7858642663460398
324,shellVolume,44.60809670317716
324,spermStored,1.5978314720047146
325,shellVolume,52.229230257441976
325,spermStored,0.8572495990984319
326,shellVolume,49.1530330054416
326,spermStored,4.308427395172333
327,shellVolume,48.82606921586917
327,spermStored,1.1715847746216854
328,shellVolume,65.7860532329877
328,spermStored,1.0723376771252782
329,shellVolume,59.54625852094986
329,spermStored,0.2794811335344327
330,shellVolume,50.03903243808773
330,spermStored,0.231815394431696
331,shellVolume,58.993747036203374
331,spermStored,3.742315992033918
332,shellVolume,49.52909388778056
332,spermStored,2.6440505576686735
333,shellVolume,48.169323007493475
333,spermStored,0.12436986805315481
334,shellVolume,63.525461941528945
334,spermStored,5.810370086871711
335,shellVolume,56.246749788547646
335,spermStored,2.6107827246907864
336,shellVolume,58.29807653127483
336,spermStored,3.2758825759202153
337,shellVolume,51.02423186326822
337,spermStored,0.8474275174087665
338,shellVolume,56.70375636552562
338,spermStored,0.42847717795826573
339,shellVolume,57.16875194113691
339,spermStored,4.842065063760691
340,shellVolume,43.461822059759406
340,spermStored,0.2847615173308406
341,shellVolume,48.08289348287123
341,spermStored,1.714513109600753
342,shellVolume,59.89920528182289
342,spermStored,0.5582337718560781
343,shellVolume,50.54798313776111
343,spermStored,0.993765437289868
344,shellVolume,48.09273260216586
344,spermStored,0.8839189877162403
345,shellVolume,39.773434698924
345,spermStored,1.245690730520674
346,shellVolume,37.54128390884195
346,spermStored,0.5350226429281092
347,shellVolume,43.41702170171288
347,spermStored,0.42751641941379853
348,shellVolume,53.728326114649434
348,spermStored,1.0254978345378496
349,shellVolume,57.168617588374175
349,spermStored,1.050804456724527
350,shellVolume,51.96787035848814
350,spermStored,0.5475789295302348
351,shellVolume,59.674000484262024
351,spermStored,2.3198663943688733
352,shellVolume,50.27361045687106
352,spermStored,0.2501767081250804
353,shellVolume,34.637288886068916
353,spermStored,1.4171665997787646
354,shellVolume,55.83489037099969
354,spermStored,0.9635611982659906
355,shellVolume,52.01356573559392
355,spermStored,0.3551642875254155
356,shellVolume,45.16188419965762
356,spermStored,0.35292384485009126
357,shellVolume,68.5228946843346
357,spermStored,1.8797642513794397
358,shellVolume,58.55516584806373
358,spermStored,0.6914780192364062
359,shellVolume,60.03102159761883
359,spermStored,0.8182608718897303
360,shellVolume,56.64796282837037
360,spermStored,1.185550667321391
361,shellVolume,49.1145551241729
361,spermStored,0.6651516671747452
362,shellVolume,58.60422878015124
362,spermStored,4.241700798402997
363,shellVolume,44.2874795716544
363,spermStored,0.379994338782588
364,shellVolume,47.90510211797228
364,spermStored,1.2761123183722853
365,shellVolume,51.6513060705568
365,spermStored,0.14185982851666468
366,shellVolume,55.40411277259661
366,spermStored,3.099261892256711
367,shellVolume,69.18579786376513
367,spermStored,1.777947973708751
368,shellVolume,63.87042691928825
368,spermStored,0.8391880097963247
369,shellVolume,45.32068706229134
369,spermStored,0.7900085696876668
370,shellVolume,45.14112337823323
370,spermStored,1.9852796203424896
371,shellVolume,51.5394685675959
371,spermStored,2.6001288310785036
372,shellVolume,28.508191264339064
372,spermStored,0.08397011566714678
373,shellVolume,58.74599362217255
373,spermStored,1.7715424100866084
374,shellVolume,34.17769413836142
374,spermStored,0.15909812907595305
375,shellVolume,46.37268306098914
375,spermStored,0.42807288225481055
376,shellVolume,63.00427289044366
376,spermStored,1.4960268867905104
377,shellVolume,43.161170203974464
377,spermStored,0.5421706213748555
378,shellVolume,50.62919363518711
378,spermStored,0.22671100733278834
379,shellVolume,66.21927525222809
379,spermStored,0.7866613855844519
380,shellVolume,61.791318698060486
380,spermStored,1.219397648431422
381,shellVolume,58.132981473757425
381,spermStored,0.2995024614077041
382,shellVolume,44.64504759735752
382,spermStored,6.202076122346974
383,shellVolume,62.74748343956797
383,spermStored,1.8790106572211531
384,shellVolume,51.555265714834796
384,spermStored,0.3106613827261795
385,shellVolume,45.0123185071454
385,spermStored,2.6628464173760076
386,shellVolume,57.45407631005379
386,spermStored,5.0027716485885785
387,shellVolume,52.92082595780469
387,spermStored,0.24114759005735478
388,shellVolume,39.108783553239135
388,spermStored,0.9535549785910485
389,shellVolume,71.3331672187386
389,spermStored,1.2444718947326636
390,shellVolume,58.538985013656934
390,spermStored,0.5777316234346048
391,shellVolume,46.43414867197661
391,spermStored,0.36365068204764933
392,shellVolume,48.39086656567858
392,spermStored,2.114612042256889
393,shellVolume,46.44247644120743
393,spermStored,2.754048909742084
394,shellVolume,44.07151550047739
394,spermStored,1.2171635554373426
395,shellVolume,46.13095995607379
395,spermStored,3.2722495350551664
396,shellVolume,55.56675308356425
396,spermStored,1.2069838241893178
397,shellVolume,54.00179139698853
397,spermStored,0.3902346372963788
398,shellVolume,54.679055601749255
398,spermStored,0.6091566315616558
399,shellVolume,55.270752504960946
399,spermStored,1.436651076030036
400,shellVolume,45.0612660548772
400,spermStored,1.1382067573650785
401,shellVolume,54.70636178590405
401,spermStored,1.5864503183210643
402,shellVolume,51.64809142472335
402,spermStored,0.10751211186880325
403,shellVolume,52.296731758647795
403,spermStored,2.1623948441354894
404,shellVolume,45.13419068706338
404,spermStored,0.5651210781726025
405,shellVolume,64.60362552119652
405,spermStored,3.334793934361976
406,shellVolume,65.23386782461078
406,spermStored,4.246710203565039
407,shellVolume,51.66122715602335
407,spermStored,2.325722651462523
408,shellVolume,43.14669832063441
408,spermStored,1.5516441863564412
409,shellVolume,53.14548728776764
409,spermStored,3.0805191178466753
410,shellVolume,46.565792619433715
410,spermStored,1.791029626647577
411,shellVolume,52.93327990851629
411,spermStored,1.3633750784795289
412,shellVolume,60.719588422627545
412,spermStored,4.540269901628304
413,shellVolume,55.04327309849238
413,spermStored,2.483163237571256
414,shellVolume,50.19441243485394
414,spermStored,2.2256272345643664
415,shellVolume,51.77241189781727
415,spermStored,2.539834369752116
416,shellVolume,40.4368423686027
416,spermStored,0.5045179256587663
417,shellVolume,56.20572612198915
417,spermStored,1.20022070125785
418,shellVolume,61.24328440248255
418,spermStored,5.9892818295073935
419,shellVolume,49.25906545595995
419,spermStored,1.439990225641136
420,shellVolume,45.44213230080646
420,spermStored,1.8022873360098046
421,shellVolume,46.72832050265639
421,spermStored,1.8282042528311588
422,shellVolume,54.51171212334225
422,spermStored,0.8796195930663792
423,shellVolume,41.86247694537094
423,spermStored,0.20276135788083038
424,shellVolume,65.76000562867209
424,spermStored,2.4757355158920515
425,shellVolume,40.237969727844636
425,spermStored,0.7358129703197418
426,shellVolume,50.44592326587736
426,spermStored,1.7345240422382249
427,shellVolume,60.79987703380558
427,spermStored,1.2331510833319157
428,shellVolume,55.745052578980285
428,spermStored,0.61817560967567
429,shellVolume,58.92504736396665
429,spermStored,4.232732667388406
430,shellVolume,54.513296152697045
430,spermStored,0.41256537100462853
431,shellVolume,50.580215665606076
431,spermStored,1.4986726095945229
432,shellVolume,55.15622863030474
432,spermStored,0.44786835560453775
433,shellVolume,52.40519658652348
433,spermStored,3.2275915711285807
434,shellVolume,50.94917896258683
434,spermStored,1.121196488279993
435,shellVolume,51.22323646945235
435,spermStored,0.13116746626824966
436,shellVolume,68.125880609134
436,spermStored,0.5030818109981733
437,shellVolume,59.67258898990217
437,spermStored,1.0041816010654927
438,shellVolume,56.08056892897048
438,spermStored,0.8777877308716389
439,shellVolume,60.44949718424886
439,spermStored,1.9385956551193364
440,shellVolume,54.40887926941839
440,spermStored,0.4509272961449383
441,shellVolume,51.17807605492831
441,spermStored,0.6607694690441346
442,shellVolume,55.12010524755125
442,spermStored,1.0465049480216722
443,shellVolume,40.812728995130634
443,spermStored,0.1820239791747689
444,shellVolume,44.53300270949263
444,spermStored,0.2839779007305744
445,shellVolume,59.13390759976279
445,spermStored,7.500412402742863
446,shellVolume,45.28489144929287
446,spermStored,1.66863314959031
447,shellVolume,42.07606439423465
447,spermStored,0.08839602199515868
448,shellVolume,59.14016695190806
448,spermStored,1.5070621646086177
449,shellVolume,57.6770466126125
449,spermStored,0.9613675553993222
450,shellVolume,53.63404752374662
450,spermStored,0.9284054501569677
451,shellVolume,57.03187435716868
451,spermStored,0.6279741271597556
452,shellVolume,61.90680260977893
452,spermStored,1.0958707481722694
453,shellVolume,57.932480986028814
453,spermStored,1.2867854219024646
454,shellVolume,52.59551891393003
454,spermStored,1.7174444137455491
455,shellVolume,55.8978764094207
455,spermStored,0.311407328598422
456,shellVolume,41.97081853156304
456,spermStored,1.8156405171468086
457,shellVolume,48.51846591505765
457,spermStored,0.695728581840948
458,shellVolume,61.77546290913885
458,spermStored,2.0580615631548014
459,shellVolume,53.186557018901595
459,spermStored,1.0396289208065363
460,shellVolume,58.36135725305255
460,spermStored,0.5580026436129043
461,shellVolume,51.99064854940265
461,spermStored,0.2803724122468017
462,shellVolume,46.99330750152518
462,spermStored,0.905328170311652
463,shellVolume,51.19406864844023
463,spermStored,0.779891540114637
464,shellVolume,40.12873632901961
464,spermStored,0.6695255030035542
465,shellVolume,46.5058617767154
465,spermStored,3.892880814769022
466,shellVolume,56.35764744536169
466,spermStored,1.5422593541892688
467,shellVolume,51.958157468717026
467,spermStored,1.7494051457535766
468,shellVolume,61.56191481203928
468,spermStored,3.416273399766372
469,shellVolume,65.17500282154512
469,spermStored,6.640445857948779
470,shellVolume,53.80988749539907
470,spermStored,0.9503252108677974
471,shellVolume,46.36848032303906
471,spermStored,0.1646684904955095
472,shellVolume,51.530859484215114
472,spermStored,0.39650098347504087
473,shellVolume,44.05606747905811
473,spermStored,0.35630178185049277
474,shellVolume,59.777853212723244
474,spermStored,0.945350332821626
475,shellVolume,58.87901642805716
475,spermStored,1.4707455692216371
476,shellVolume,51.407413958376054
476,spermStored,4.8777005538434395
477,shellVolume,52.94462298775624
477,spermStored,1.1613495253455277
478,shellVolume,41.51160608486651
478,spermStored,0.3257050040955953
479,shellVolume,41.89075282800121
479,spermStored,0.885643067106063
480,shellVolume,42.96038701395632
480,spermStored,0.40501765940335843
481,shellVolume,48.81715361609092
481,spermStored,0.5338133055662848
482,shellVolume,59.90861763805011
482,spermStored,1.0779229160808284
483,shellVolume,59.87622315294595
483,spermStored,1.386752109471512
484,shellVolume,45.18012768765494
484,spermStored,1.6085290990419414
485,shellVolume,56.635348209271974
485,spermStored,0.14154729730668836
486,shellVolume,35.990887399497005
486,spermStored,0.6361250655489804
487,shellVolume,63.95216771132648
487,spermStored,5.19199363556113
488,shellVolume,42.484472406255605
488,spermStored,1.16433342272265
489,shellVolume,65.210947222675
489,spermStored,1.0313047242904896
490,shellVolume,47.840247165232725
490,spermStored,3.882322018794159
491,shellVolume,57.074612268782786
491,spermStored,1.4812503002178428
492,shellVolume,65.62738382409019
492,spermStored,0.49656035602668175
493,shellVolume,61.23213383704453
493,spermStored,0.6748931933052881
494,shellVolume,58.55221539717135
494,spermStored,0.30056202046476727
495,shellVolume,64.47074551846539
495,spermStored,3.9998746999504062
496,shellVolume,51.09480935194577
496,spermStored,1.8085302181169902
497,shellVolume,52.13828815543205
497,spermStored,0.6869515036622044
498,shellVolume,55.78416236005834
498,spermStored,0.5917807307230813
499,shellVolume,61.73795607728416
499,spermStored,1.5233443158642317
500,shellVolume,47.991964660914036
500,spermStored,0.21056171386921518
501,shellVolume,56.78144656999105
501,spermStored,0.2773831501039238
502,shellVolume,37.3146010226377
502,spermStored,1.7703379162165127
503,shellVolume,42.15824343627061
503,spermStored,1.7297965164677214
504,shellVolume,65.35634763882082
504,spermStored,0.332181007437661
505,shellVolume,47.766116594940485
505,spermStored,0.28778772460506274
506,shellVolume,56.68421797036136
506,spermStored,2.799472260856909
507,shellVolume,36.022203811998494
507,spermStored,0.2710482160989052
508,shellVolume,60.606098736831065
508,spermStored,0.24825837714524382
509,shellVolume,59.262082194058976
509,spermStored,0.7048882816286355
510,shellVolume,57.806779051047606
510,spermStored,0.23215996145434678
511,shellVolume,58.69519589954211
511,spermStored,0.498370678225259
512,shellVolume,43.284054413207045
512,spermStored,0.32682792654083337
513,shellVolume,62.29885802947889
513,spermStored,1.189340520739537
514,shellVolume,43.685848817453454
514,spermStored,1.7279212387718976
515,shellVolume,42.83097899370274
515,spermStored,0.3988511846241835
516,shellVolume,54.16433141178981
516,spermStored,0.7054789770824182
517,shellVolume,52.71569681498947
517,spermStored,0.28998040334839137
518,shellVolume,51.21380982712606
518,spermStored,0.49688002647995666
519,shellVolume,51.629263152223295
519,spermStored,0.21435821339932296
520,shellVolume,45.125522208461405
520,spermStored,1.0298513676239576
521,shellVolume,65.34744329745992
521,spermStored,2.79751059934628
522,shellVolume,54.5166258086775
522,spermStored,2.5725258100581136
523,shellVolume,61.74090249840645
523,spermStored,0.20144553228325057
524,shellVolume,54.19917898109928
524,spermStored,0.7460105216203515
525,shellVolume,56.52612647608347
525,spermStored,0.45704906578444215
526,shellVolume,64.90378111981944
526,spermStored,1.1989733155396647
527,shellVolume,46.223720688352856
527,spermStored,1.5090453195850717
528,shellVolume,59.55016362417055
528,spermStored,4.0194775729487064
529,shellVolume,51.4562894572385
529,spermStored,0.24761136642486203
530,shellVolume,61.82887234848841
530,spermStored,6.318468295689313
531,shellVolume,49.96748983408798
531,spermStored,0.3040462911952017
532,shellVolume,42.41967914508516
532,spermStored,0.8489855565379849
533,shellVolume,44.14307833544086
533,spermStored,4.059912139979713
534,shellVolume,59.9929662167047
534,spermStored,1.3997697570409575
535,shellVolume,68.6298914795852
535,spermStored,3.643439995408139
536,shellVolume,52.5514480065235
536,spermStored,0.9026356071831488
537,shellVolume,37.0141306459529
537,spermStored,0.1590665706473327
538,shellVolume,57.20555906955002
538,spermStored,5.650501903672346
539,shellVolume,58.938083699994884
539,spermStored,0.33228399575114104
540,shellVolume,49.11244596494223
540,spermStored,0.7247054318582096
541,shellVolume,52.742980814106595
541,spermStored,2.653403716027893
542,shellVolume,66.12451608291542
542,spermStored,1.540608101163065
543,shellVolume,66.07009586996838
543,spermStored,0.6171285691560856
544,shellVolume,53.27927551760695
544,spermStored,1.1304712643574049
545,shellVolume,52.45899043282654
545,spermStored,2.614601979022082
546,shellVolume,55.868950811072885
546,spermStored,0.13560309838637044
547,shellVolume,42.74759290116769
547,spermStored,2.7694857022374673
548,shellVolume,58.079632355117155
548,spermStored,1.8802996077291627
549,shellVolume,51.39195844545849
549,spermStored,0.5134694916670225
550,shellVolume,49.90409372998911
550,spermStored,0.5566309188748426
551,shellVolume,60.01481558572122
551,spermStored,1.7401558356918165
552,shellVolume,69.43239227877491
552,spermStored,1.4874776744159195
553,shellVolume,46.46523894932018
553,spermStored,2.6352465586531046
554,shellVolume,61.23940937792661
554,spermStored,2.481515916879808
555,shellVolume,58.496743390912194
555,spermStored,4.065311219771274
556,shellVolume,53.440913606705784
556,spermStored,0.3353289729342176
557,shellVolume,43.25887435342042
557,spermStored,5.598697109096243
558,shellVolume,51.922183707482716
558,spermStored,0.2597925921747868
559,shellVolume,67.32689606170236
559,spermStored,1.8867466599505849
560,shellVolume,47.065523760112605
560,spermStored,1.2262967687355444
561,shellVolume,41.19978325764371
561,spermStored,0.40643331504973684
562,shellVolume,45.936305406130444
562,spermStored,1.8787820537644502
563,shellVolume,57.351632213656515
563,spermStored,1.0670485777182204
564,shellVolume,64.51431484107229
564,spermStored,5.829533214210321
565,shellVolume,50.51656158817939
565,spermStored,0.39267451294079986
566,shellVolume,61.95296712587595
566,spermStored,1.6159546731435974
567,shellVolume,42.90325455980298
567,spermStored,0.7641183548331882
568,shellVolume,69.98009060180468
568,spermStored,6.383450697654818
569,shellVolume,57.82979473770028
569,spermStored,0.7507662040240646
570,shellVolume,62.30446518394573
570,spermStored,1.9128392469713074
571,shellVolume,36.54797618275943
571,spermStored,0.48480452110478794
572,shellVolume,65.57555133232943
572,spermStored,0.3287927691382582
573,shellVolume,45.33632023964317
573,spermStored,2.0631921903046857
574,shellVolume,46.69281041967211
574,spermStored,0.4751719447324569
575,shellVolume,57.724296579122644
575,spermStored,2.8597117120327002
576,shellVolume,53.33543486157146
576,spermStored,13.216121170849199
577,shellVolume,53.62888140826719
577,spermStored,3.2914591324004845
578,shellVolume,58.76200014559181
578,spermStored,3.8901995402723553
579,shellVolume,65.06007012390876
579,spermStored,0.8966881557455815
580,shellVolume,44.8830428857244
580,spermStored,0.8621795459546043
581,shellVolume,75.1533138818545
581,spermStored,7.100338043070392
582,shellVolume,47.45071398908203
582,spermStored,0.9888238868773407
583,shellVolume,70.09294722914291
583,spermStored,1.9208373248622679
584,shellVolume,56.06980224277967
584,spermStored,2.3123331117063435
585,shellVolume,57.40130665441302
585,spermStored,0.2913795440312175
586,shellVolume,52.41454075031877
586,spermStored,3.9075177620101105
587,shellVolume,45.27422989294101
587,spermStored,0.3254235466748648
588,shellVolume,62.82855646265344
588,spermStored,0.7438219364059965
589,shellVolume,55.561385600746725
589,spermStored,0.7137736464788986
590,shellVolume,55.37837057061614
590,spermStored,0.7951685916562176
591,shellVolume,51.24114858270994
591,spermStored,1.614732086832168
592,shellVolume,39.715638373274324
592,spermStored,0.0704165352402438
593,shellVolume,69.02942964647795
593,spermStored,0.5049015071106352
594,shellVolume,69.1216769699914
594,spermStored,0.8600870933848487
595,shellVolume,51.533990351116785
595,spermStored,1.5945958516342624
596,shellVolume,58.71157653846096
596,spermStored,0.5988792818154816
597,shellVolume,48.99551971803397
597,spermStored,3.5539042815512705
598,shellVolume,57.88851666495773
598,spermStored,0.12450016199942475
599,shellVolume,60.883107033537634
599,spermStored,7.082228159430369
600,shellVolume,53.02636824475018
600,spermStored,4.7013563497289255
601,shellVolume,60.995935044167574
601,spermStored,1.066480047405126
602,shellVolume,52.35219098824087
602,spermStored,0.664607894029468
603,shellVolume,75.73980193130822
603,spermStored,1.1972432980791068
604,shellVolume,52.57958771035617
604,spermStored,0.22796234373436694
605,shellVolume,45.67984490797895
605,spermStored,0.47571427785502457
606,shellVolume,45.872333554572954
606,spermStored,3.8891727442076776
607,shellVolume,58.51898387443977
607,spermStored,0.7962959743350916
608,shellVolume,61.252981482028815
608,spermStored,0.13413749512921613
609,shellVolume,53.01263211271893
609,spermStored,0.4822540210341087
610,shellVolume,51.61983803325681
610,spermStored,1.134318980876406
611,shellVolume,58.09588484662671
611,spermStored,0.16565926592958752
612,shellVolume,48.49489752284367
612,spermStored,0.6284331197905167
613,shellVolume,53.26503686168747
613,spermStored,1.343640861357254
614,shellVolume,53.278076735161214
614,spermStored,0.6715474170967948
615,shellVolume,51.9488096277915
615,spermStored,0.6145731973249148
616,shellVolume,58.57770259403641
616,spermStored,2.566289671656402
617,shellVolume,51.49431896255881
617,spermStored,0.7342849489134456
618,shellVolume,49.43244151413739
618,spermStored,2.580279439363692
619,shellVolume,51.70599321099377
619,spermStored,0.8793318573614315
620,shellVolume,56.888329948635636
620,spermStored,0.7737739183046813
621,shellVolume,57.12165952678261
621,spermStored,0.46356001016113446
622,shellVolume,65.5643585444113
622,spermStored,0.7997806535225364
623,shellVolume,43.27448986717624
623,spermStored,0.5537253944434265
624,shellVolume,49.19289778288886
624,spermStored,2.5266206741435657
625,shellVolume,55.62315361978711
625,spermStored,5.867681260707252
626,shellVolume,44.12860764462009
626,spermStored,0.5836217277685254
627,shellVolume,53.07596994232353
627,spermStored,0.18272419614965682
628,shellVolume,70.86312369731392
628,spermStored,2.003310955499558
629,shellVolume,60.892626027568944
629,spermStored,0.7810760436403746
630,shellVolume,53.43652710379924
630,spermStored,0.30644826237606354
631,shellVolume,57.79919908809299
631,spermStored,2.1750358230303544
632,shellVolume,51.39716119638207
632,spermStored,0.21197811347689957
633,shellVolume,36.26242178421563
633,spermStored,0.7970363769195381
634,shellVolume,60.68999588693161
634,spermStored,1.2246535537139362
635,shellVolume,62.04512580924067
635,spermStored,0.34383671841989816
636,shellVolume,60.12918323476616
636,spermStored,2.6633937788833513
637,shellVolume,44.48791845759263
637,spermStored,0.6351825616692957
638,shellVolume,52.52434946412071
638,spermStored,1.5286942237328032
639,shellVolume,43.034810028500715
639,spermStored,2.644740127655293
640,shellVolume,57.465311883594566
640,spermStored,1.457549017088729
641,shellVolume,49.5794622217398
641,spermStored,1.4561079545075446
642,shellVolume,42.66155817736659
642,spermStored,1.2810188304029322
643,shellVolume,41.548094042226104
643,spermStored,0.3696058216820687
644,shellVolume,48.285185577158494
644,spermStored,0.2248941728140291
645,shellVolume,48.8567681434947
645,spermStored,0.3993672728274099
646,shellVolume,56.63198253169657
646,spermStored,0.47507597459133805
647,shellVolume,52.80577796837786
647,spermStored,0.2842243742383268
648,shellVolume,41.61557832890752
648,spermStored,0.35965236462422784
649,shellVolume,64.57295097600216
649,spermStored,2.647572848565273
650,shellVolume,55.585200968325665
650,spermStored,1.0996727756207707
